id,run_name,passed,total
3,Codex--GLM-5.1,13,21
7,Codex--GLM-5.1,8,10
13,Codex--GLM-5.1,8,19
15,Codex--GLM-5.1,4,16
23,Codex--GLM-5.1,11,20
33,Codex--GLM-5.1,13,19
35,Codex--GLM-5.1,10,26
37,Codex--GLM-5.1,11,20
38,Codex--GLM-5.1,0,18
44,Codex--GLM-5.1,11,16
45,Codex--GLM-5.1,16,19
47,Codex--GLM-5.1,12,20
53,Codex--GLM-5.1,11,11
54,Codex--GLM-5.1,15,18
55,Codex--GLM-5.1,18,20
72,Codex--GLM-5.1,20,20
75,Codex--GLM-5.1,14,21
78,Codex--GLM-5.1,6,20
79,Codex--GLM-5.1,13,13
83,Codex--GLM-5.1,2,23
85,Codex--GLM-5.1,20,21
87,Codex--GLM-5.1,21,21
91,Codex--GLM-5.1,6,7
92,Codex--GLM-5.1,6,6
94,Codex--GLM-5.1,8,8
95,Codex--GLM-5.1,0,12
100,Codex--GLM-5.1,7,7
102,Codex--GLM-5.1,8,8
107,Codex--GLM-5.1,20,25
108,Codex--GLM-5.1,18,21
115,Codex--GLM-5.1,3,18
116,Codex--GLM-5.1,4,21
120,Codex--GLM-5.1,0,22
124,Codex--GLM-5.1,0,17
127,Codex--GLM-5.1,21,21
128,Codex--GLM-5.1,9,17
129,Codex--GLM-5.1,20,20
131,Codex--GLM-5.1,8,22
137,Codex--GLM-5.1,24,24
139,Codex--GLM-5.1,4,25
143,Codex--GLM-5.1,5,24
146,Codex--GLM-5.1,2,26
152,Codex--GLM-5.1,0,20
154,Codex--GLM-5.1,3,24
158,Codex--GLM-5.1,6,22
159,Codex--GLM-5.1,24,24
160,Codex--GLM-5.1,0,20
161,Codex--GLM-5.1,16,24
171,Codex--GLM-5.1,17,18
175,Codex--GLM-5.1,10,12
178,Codex--GLM-5.1,9,10
191,Codex--GLM-5.1,7,23
192,Codex--GLM-5.1,5,17
207,Codex--GLM-5.1,1,20
224,Codex--GLM-5.1,4,19
226,Codex--GLM-5.1,7,22
227,Codex--GLM-5.1,15,26
232,Codex--GLM-5.1,14,19
242,Codex--GLM-5.1,10,13
244,Codex--GLM-5.1,7,20
251,Codex--GLM-5.1,22,22
255,Codex--GLM-5.1,9,18
258,Codex--GLM-5.1,2,16
266,Codex--GLM-5.1,19,20
267,Codex--GLM-5.1,15,16
269,Codex--GLM-5.1,13,18
274,Codex--GLM-5.1,11,20
276,Codex--GLM-5.1,18,20
277,Codex--GLM-5.1,13,18
278,Codex--GLM-5.1,15,20
281,Codex--GLM-5.1,20,21
284,Codex--GLM-5.1,7,17
286,Codex--GLM-5.1,9,18
287,Codex--GLM-5.1,14,20
288,Codex--GLM-5.1,5,19
289,Codex--GLM-5.1,6,15
291,Codex--GLM-5.1,0,19
300,Codex--GLM-5.1,7,14
306,Codex--GLM-5.1,5,20
311,Codex--GLM-5.1,0,21
314,Codex--GLM-5.1,0,18
328,Codex--GLM-5.1,10,16
329,Codex--GLM-5.1,8,14
334,Codex--GLM-5.1,13,18
337,Codex--GLM-5.1,5,18
340,Codex--GLM-5.1,8,20
346,Codex--GLM-5.1,7,16
354,Codex--GLM-5.1,13,19
357,Codex--GLM-5.1,1,11
358,Codex--GLM-5.1,8,15
359,Codex--GLM-5.1,10,14
360,Codex--GLM-5.1,15,21
363,Codex--GLM-5.1,19,22
372,Codex--GLM-5.1,8,20
373,Codex--GLM-5.1,10,20
374,Codex--GLM-5.1,7,15
380,Codex--GLM-5.1,0,25
381,Codex--GLM-5.1,6,20
386,Codex--GLM-5.1,9,25
388,Codex--GLM-5.1,14,22
3,Codex--GPT-5.4,13,21
7,Codex--GPT-5.4,1,10
13,Codex--GPT-5.4,3,19
15,Codex--GPT-5.4,9,16
23,Codex--GPT-5.4,6,20
33,Codex--GPT-5.4,11,19
35,Codex--GPT-5.4,3,26
37,Codex--GPT-5.4,9,20
38,Codex--GPT-5.4,0,18
44,Codex--GPT-5.4,10,16
45,Codex--GPT-5.4,8,19
47,Codex--GPT-5.4,12,20
53,Codex--GPT-5.4,11,11
54,Codex--GPT-5.4,11,18
55,Codex--GPT-5.4,9,20
72,Codex--GPT-5.4,0,20
75,Codex--GPT-5.4,5,21
78,Codex--GPT-5.4,2,20
79,Codex--GPT-5.4,13,13
83,Codex--GPT-5.4,5,23
85,Codex--GPT-5.4,21,21
87,Codex--GPT-5.4,21,21
91,Codex--GPT-5.4,6,7
92,Codex--GPT-5.4,6,6
94,Codex--GPT-5.4,0,8
95,Codex--GPT-5.4,0,12
100,Codex--GPT-5.4,0,7
102,Codex--GPT-5.4,4,8
107,Codex--GPT-5.4,16,25
108,Codex--GPT-5.4,16,21
115,Codex--GPT-5.4,8,18
116,Codex--GPT-5.4,0,21
120,Codex--GPT-5.4,10,22
124,Codex--GPT-5.4,15,17
127,Codex--GPT-5.4,21,21
128,Codex--GPT-5.4,9,17
129,Codex--GPT-5.4,0,20
131,Codex--GPT-5.4,0,22
137,Codex--GPT-5.4,20,24
139,Codex--GPT-5.4,7,25
143,Codex--GPT-5.4,11,24
146,Codex--GPT-5.4,4,26
152,Codex--GPT-5.4,12,20
154,Codex--GPT-5.4,14,24
158,Codex--GPT-5.4,8,22
159,Codex--GPT-5.4,24,24
160,Codex--GPT-5.4,19,20
161,Codex--GPT-5.4,17,24
171,Codex--GPT-5.4,16,18
175,Codex--GPT-5.4,11,12
178,Codex--GPT-5.4,0,10
191,Codex--GPT-5.4,2,23
192,Codex--GPT-5.4,7,17
207,Codex--GPT-5.4,5,21
224,Codex--GPT-5.4,5,19
226,Codex--GPT-5.4,6,22
227,Codex--GPT-5.4,22,25
232,Codex--GPT-5.4,11,19
242,Codex--GPT-5.4,10,13
244,Codex--GPT-5.4,19,20
251,Codex--GPT-5.4,22,22
255,Codex--GPT-5.4,0,18
258,Codex--GPT-5.4,4,16
266,Codex--GPT-5.4,17,20
267,Codex--GPT-5.4,12,16
269,Codex--GPT-5.4,9,18
274,Codex--GPT-5.4,4,20
276,Codex--GPT-5.4,17,20
277,Codex--GPT-5.4,16,18
278,Codex--GPT-5.4,11,20
281,Codex--GPT-5.4,19,21
284,Codex--GPT-5.4,17,17
286,Codex--GPT-5.4,8,18
287,Codex--GPT-5.4,9,20
288,Codex--GPT-5.4,5,19
289,Codex--GPT-5.4,7,15
291,Codex--GPT-5.4,6,19
300,Codex--GPT-5.4,14,14
306,Codex--GPT-5.4,3,20
311,Codex--GPT-5.4,9,21
314,Codex--GPT-5.4,11,18
328,Codex--GPT-5.4,9,16
329,Codex--GPT-5.4,0,14
334,Codex--GPT-5.4,0,18
337,Codex--GPT-5.4,0,18
340,Codex--GPT-5.4,4,20
346,Codex--GPT-5.4,7,16
354,Codex--GPT-5.4,3,19
357,Codex--GPT-5.4,0,11
358,Codex--GPT-5.4,4,15
359,Codex--GPT-5.4,11,14
360,Codex--GPT-5.4,0,21
363,Codex--GPT-5.4,21,22
372,Codex--GPT-5.4,9,20
373,Codex--GPT-5.4,10,20
374,Codex--GPT-5.4,8,15
380,Codex--GPT-5.4,8,25
381,Codex--GPT-5.4,7,20
386,Codex--GPT-5.4,11,25
388,Codex--GPT-5.4,9,22
3,Codex--Gemini-3.1-Pro,14,21
7,Codex--Gemini-3.1-Pro,1,10
13,Codex--Gemini-3.1-Pro,0,19
15,Codex--Gemini-3.1-Pro,7,16
23,Codex--Gemini-3.1-Pro,3,20
33,Codex--Gemini-3.1-Pro,7,19
35,Codex--Gemini-3.1-Pro,4,26
37,Codex--Gemini-3.1-Pro,3,20
38,Codex--Gemini-3.1-Pro,4,18
44,Codex--Gemini-3.1-Pro,6,16
45,Codex--Gemini-3.1-Pro,12,19
47,Codex--Gemini-3.1-Pro,8,20
53,Codex--Gemini-3.1-Pro,6,11
54,Codex--Gemini-3.1-Pro,4,18
55,Codex--Gemini-3.1-Pro,3,20
72,Codex--Gemini-3.1-Pro,18,20
75,Codex--Gemini-3.1-Pro,6,21
78,Codex--Gemini-3.1-Pro,3,20
79,Codex--Gemini-3.1-Pro,11,13
83,Codex--Gemini-3.1-Pro,2,23
85,Codex--Gemini-3.1-Pro,8,21
87,Codex--Gemini-3.1-Pro,1,21
91,Codex--Gemini-3.1-Pro,6,7
92,Codex--Gemini-3.1-Pro,0,6
94,Codex--Gemini-3.1-Pro,8,8
95,Codex--Gemini-3.1-Pro,0,12
100,Codex--Gemini-3.1-Pro,0,7
102,Codex--Gemini-3.1-Pro,6,8
107,Codex--Gemini-3.1-Pro,11,25
108,Codex--Gemini-3.1-Pro,10,21
115,Codex--Gemini-3.1-Pro,3,18
116,Codex--Gemini-3.1-Pro,0,21
120,Codex--Gemini-3.1-Pro,0,22
124,Codex--Gemini-3.1-Pro,0,17
127,Codex--Gemini-3.1-Pro,21,21
128,Codex--Gemini-3.1-Pro,5,17
129,Codex--Gemini-3.1-Pro,20,20
131,Codex--Gemini-3.1-Pro,4,22
137,Codex--Gemini-3.1-Pro,4,24
139,Codex--Gemini-3.1-Pro,1,25
143,Codex--Gemini-3.1-Pro,0,24
146,Codex--Gemini-3.1-Pro,1,26
152,Codex--Gemini-3.1-Pro,0,20
154,Codex--Gemini-3.1-Pro,14,24
158,Codex--Gemini-3.1-Pro,2,22
159,Codex--Gemini-3.1-Pro,24,24
160,Codex--Gemini-3.1-Pro,18,20
161,Codex--Gemini-3.1-Pro,10,24
171,Codex--Gemini-3.1-Pro,12,18
175,Codex--Gemini-3.1-Pro,7,12
178,Codex--Gemini-3.1-Pro,4,10
191,Codex--Gemini-3.1-Pro,2,23
192,Codex--Gemini-3.1-Pro,2,17
207,Codex--Gemini-3.1-Pro,1,20
224,Codex--Gemini-3.1-Pro,4,19
226,Codex--Gemini-3.1-Pro,6,22
227,Codex--Gemini-3.1-Pro,22,25
232,Codex--Gemini-3.1-Pro,2,19
242,Codex--Gemini-3.1-Pro,8,13
244,Codex--Gemini-3.1-Pro,4,20
251,Codex--Gemini-3.1-Pro,21,22
255,Codex--Gemini-3.1-Pro,7,18
258,Codex--Gemini-3.1-Pro,3,16
266,Codex--Gemini-3.1-Pro,13,20
267,Codex--Gemini-3.1-Pro,9,16
269,Codex--Gemini-3.1-Pro,7,18
274,Codex--Gemini-3.1-Pro,4,20
276,Codex--Gemini-3.1-Pro,5,20
277,Codex--Gemini-3.1-Pro,4,18
278,Codex--Gemini-3.1-Pro,0,20
281,Codex--Gemini-3.1-Pro,12,21
284,Codex--Gemini-3.1-Pro,17,17
286,Codex--Gemini-3.1-Pro,4,18
287,Codex--Gemini-3.1-Pro,4,20
288,Codex--Gemini-3.1-Pro,3,19
289,Codex--Gemini-3.1-Pro,4,15
291,Codex--Gemini-3.1-Pro,2,19
300,Codex--Gemini-3.1-Pro,8,14
306,Codex--Gemini-3.1-Pro,2,20
311,Codex--Gemini-3.1-Pro,0,21
314,Codex--Gemini-3.1-Pro,0,18
328,Codex--Gemini-3.1-Pro,0,16
329,Codex--Gemini-3.1-Pro,6,14
334,Codex--Gemini-3.1-Pro,0,18
337,Codex--Gemini-3.1-Pro,0,18
340,Codex--Gemini-3.1-Pro,0,20
346,Codex--Gemini-3.1-Pro,3,16
354,Codex--Gemini-3.1-Pro,3,19
357,Codex--Gemini-3.1-Pro,7,11
358,Codex--Gemini-3.1-Pro,3,15
359,Codex--Gemini-3.1-Pro,9,14
360,Codex--Gemini-3.1-Pro,9,21
363,Codex--Gemini-3.1-Pro,14,22
372,Codex--Gemini-3.1-Pro,7,20
373,Codex--Gemini-3.1-Pro,5,20
374,Codex--Gemini-3.1-Pro,3,15
380,Codex--Gemini-3.1-Pro,5,25
381,Codex--Gemini-3.1-Pro,2,20
386,Codex--Gemini-3.1-Pro,1,25
388,Codex--Gemini-3.1-Pro,0,22
3,Codex--Grok-4.3,3,21
7,Codex--Grok-4.3,7,10
13,Codex--Grok-4.3,5,19
15,Codex--Grok-4.3,7,16
23,Codex--Grok-4.3,5,20
33,Codex--Grok-4.3,1,19
35,Codex--Grok-4.3,1,26
37,Codex--Grok-4.3,1,20
38,Codex--Grok-4.3,6,18
44,Codex--Grok-4.3,9,16
45,Codex--Grok-4.3,6,19
47,Codex--Grok-4.3,7,20
53,Codex--Grok-4.3,9,11
54,Codex--Grok-4.3,8,18
55,Codex--Grok-4.3,11,20
72,Codex--Grok-4.3,20,20
75,Codex--Grok-4.3,12,21
78,Codex--Grok-4.3,6,20
79,Codex--Grok-4.3,7,13
83,Codex--Grok-4.3,2,23
85,Codex--Grok-4.3,21,21
87,Codex--Grok-4.3,20,21
91,Codex--Grok-4.3,7,7
92,Codex--Grok-4.3,6,6
94,Codex--Grok-4.3,8,8
95,Codex--Grok-4.3,0,12
100,Codex--Grok-4.3,7,7
102,Codex--Grok-4.3,0,8
107,Codex--Grok-4.3,4,25
108,Codex--Grok-4.3,19,21
115,Codex--Grok-4.3,5,18
116,Codex--Grok-4.3,0,21
120,Codex--Grok-4.3,1,22
124,Codex--Grok-4.3,0,17
127,Codex--Grok-4.3,21,21
128,Codex--Grok-4.3,3,17
129,Codex--Grok-4.3,20,20
131,Codex--Grok-4.3,5,22
137,Codex--Grok-4.3,0,24
139,Codex--Grok-4.3,6,25
143,Codex--Grok-4.3,2,24
146,Codex--Grok-4.3,0,26
152,Codex--Grok-4.3,0,20
154,Codex--Grok-4.3,1,24
158,Codex--Grok-4.3,10,22
159,Codex--Grok-4.3,22,24
160,Codex--Grok-4.3,18,20
161,Codex--Grok-4.3,3,24
171,Codex--Grok-4.3,14,18
175,Codex--Grok-4.3,7,12
178,Codex--Grok-4.3,10,10
191,Codex--Grok-4.3,2,23
192,Codex--Grok-4.3,3,17
207,Codex--Grok-4.3,2,20
224,Codex--Grok-4.3,2,19
226,Codex--Grok-4.3,2,22
227,Codex--Grok-4.3,13,25
232,Codex--Grok-4.3,3,19
242,Codex--Grok-4.3,8,13
244,Codex--Grok-4.3,7,20
251,Codex--Grok-4.3,22,22
255,Codex--Grok-4.3,4,18
258,Codex--Grok-4.3,1,16
266,Codex--Grok-4.3,13,20
267,Codex--Grok-4.3,14,16
269,Codex--Grok-4.3,2,18
274,Codex--Grok-4.3,6,20
276,Codex--Grok-4.3,12,20
277,Codex--Grok-4.3,11,18
278,Codex--Grok-4.3,7,20
281,Codex--Grok-4.3,15,21
284,Codex--Grok-4.3,15,17
286,Codex--Grok-4.3,5,18
287,Codex--Grok-4.3,3,20
288,Codex--Grok-4.3,4,19
289,Codex--Grok-4.3,3,15
291,Codex--Grok-4.3,12,19
300,Codex--Grok-4.3,7,14
306,Codex--Grok-4.3,3,20
311,Codex--Grok-4.3,6,21
314,Codex--Grok-4.3,12,18
328,Codex--Grok-4.3,0,16
329,Codex--Grok-4.3,2,14
334,Codex--Grok-4.3,3,18
337,Codex--Grok-4.3,0,18
340,Codex--Grok-4.3,2,20
346,Codex--Grok-4.3,0,16
354,Codex--Grok-4.3,0,19
357,Codex--Grok-4.3,7,11
358,Codex--Grok-4.3,7,15
359,Codex--Grok-4.3,8,14
360,Codex--Grok-4.3,10,21
363,Codex--Grok-4.3,10,22
372,Codex--Grok-4.3,9,20
373,Codex--Grok-4.3,11,20
374,Codex--Grok-4.3,4,15
380,Codex--Grok-4.3,0,25
381,Codex--Grok-4.3,0,20
386,Codex--Grok-4.3,4,25
388,Codex--Grok-4.3,8,22
3,Codex--MiniMax-M2.7,14,21
7,Codex--MiniMax-M2.7,0,10
13,Codex--MiniMax-M2.7,8,19
15,Codex--MiniMax-M2.7,1,16
23,Codex--MiniMax-M2.7,0,20
33,Codex--MiniMax-M2.7,13,19
35,Codex--MiniMax-M2.7,3,26
37,Codex--MiniMax-M2.7,5,20
38,Codex--MiniMax-M2.7,0,18
44,Codex--MiniMax-M2.7,9,16
45,Codex--MiniMax-M2.7,3,19
47,Codex--MiniMax-M2.7,20,20
53,Codex--MiniMax-M2.7,11,11
54,Codex--MiniMax-M2.7,5,18
55,Codex--MiniMax-M2.7,15,20
72,Codex--MiniMax-M2.7,19,20
75,Codex--MiniMax-M2.7,7,21
78,Codex--MiniMax-M2.7,5,20
79,Codex--MiniMax-M2.7,13,13
83,Codex--MiniMax-M2.7,2,23
85,Codex--MiniMax-M2.7,21,21
87,Codex--MiniMax-M2.7,1,21
91,Codex--MiniMax-M2.7,6,7
92,Codex--MiniMax-M2.7,5,6
94,Codex--MiniMax-M2.7,8,8
95,Codex--MiniMax-M2.7,0,12
100,Codex--MiniMax-M2.7,7,7
102,Codex--MiniMax-M2.7,5,8
107,Codex--MiniMax-M2.7,13,25
108,Codex--MiniMax-M2.7,17,21
115,Codex--MiniMax-M2.7,6,18
116,Codex--MiniMax-M2.7,3,21
120,Codex--MiniMax-M2.7,0,22
124,Codex--MiniMax-M2.7,0,17
127,Codex--MiniMax-M2.7,21,21
128,Codex--MiniMax-M2.7,4,17
129,Codex--MiniMax-M2.7,20,20
131,Codex--MiniMax-M2.7,6,22
137,Codex--MiniMax-M2.7,21,24
139,Codex--MiniMax-M2.7,4,25
143,Codex--MiniMax-M2.7,3,24
146,Codex--MiniMax-M2.7,2,26
152,Codex--MiniMax-M2.7,0,20
154,Codex--MiniMax-M2.7,3,24
158,Codex--MiniMax-M2.7,10,22
159,Codex--MiniMax-M2.7,24,24
160,Codex--MiniMax-M2.7,0,20
161,Codex--MiniMax-M2.7,11,24
171,Codex--MiniMax-M2.7,18,18
175,Codex--MiniMax-M2.7,12,12
178,Codex--MiniMax-M2.7,10,10
191,Codex--MiniMax-M2.7,21,23
192,Codex--MiniMax-M2.7,6,17
207,Codex--MiniMax-M2.7,3,20
224,Codex--MiniMax-M2.7,4,19
226,Codex--MiniMax-M2.7,7,22
227,Codex--MiniMax-M2.7,15,25
232,Codex--MiniMax-M2.7,8,19
242,Codex--MiniMax-M2.7,2,13
244,Codex--MiniMax-M2.7,20,20
251,Codex--MiniMax-M2.7,22,22
255,Codex--MiniMax-M2.7,5,18
258,Codex--MiniMax-M2.7,4,16
266,Codex--MiniMax-M2.7,16,20
267,Codex--MiniMax-M2.7,14,16
269,Codex--MiniMax-M2.7,10,18
274,Codex--MiniMax-M2.7,0,20
276,Codex--MiniMax-M2.7,14,20
277,Codex--MiniMax-M2.7,15,18
278,Codex--MiniMax-M2.7,9,20
281,Codex--MiniMax-M2.7,16,21
284,Codex--MiniMax-M2.7,6,17
286,Codex--MiniMax-M2.7,12,18
287,Codex--MiniMax-M2.7,2,20
288,Codex--MiniMax-M2.7,3,19
289,Codex--MiniMax-M2.7,4,15
291,Codex--MiniMax-M2.7,0,19
300,Codex--MiniMax-M2.7,10,14
306,Codex--MiniMax-M2.7,0,20
311,Codex--MiniMax-M2.7,0,21
314,Codex--MiniMax-M2.7,11,18
328,Codex--MiniMax-M2.7,4,16
329,Codex--MiniMax-M2.7,6,14
334,Codex--MiniMax-M2.7,0,18
337,Codex--MiniMax-M2.7,0,19
340,Codex--MiniMax-M2.7,0,20
346,Codex--MiniMax-M2.7,1,16
354,Codex--MiniMax-M2.7,7,19
357,Codex--MiniMax-M2.7,11,11
358,Codex--MiniMax-M2.7,13,15
359,Codex--MiniMax-M2.7,1,14
360,Codex--MiniMax-M2.7,8,21
363,Codex--MiniMax-M2.7,22,22
372,Codex--MiniMax-M2.7,8,20
373,Codex--MiniMax-M2.7,10,20
374,Codex--MiniMax-M2.7,0,15
380,Codex--MiniMax-M2.7,9,25
381,Codex--MiniMax-M2.7,5,20
386,Codex--MiniMax-M2.7,0,27
388,Codex--MiniMax-M2.7,0,22
3,Codex--Qwen-3.6-Plus,16,21
7,Codex--Qwen-3.6-Plus,0,10
13,Codex--Qwen-3.6-Plus,6,19
15,Codex--Qwen-3.6-Plus,5,16
23,Codex--Qwen-3.6-Plus,6,20
33,Codex--Qwen-3.6-Plus,4,19
35,Codex--Qwen-3.6-Plus,7,26
37,Codex--Qwen-3.6-Plus,1,20
38,Codex--Qwen-3.6-Plus,0,18
44,Codex--Qwen-3.6-Plus,12,16
45,Codex--Qwen-3.6-Plus,6,19
47,Codex--Qwen-3.6-Plus,0,20
53,Codex--Qwen-3.6-Plus,10,11
54,Codex--Qwen-3.6-Plus,7,18
55,Codex--Qwen-3.6-Plus,14,20
72,Codex--Qwen-3.6-Plus,0,20
75,Codex--Qwen-3.6-Plus,0,22
78,Codex--Qwen-3.6-Plus,18,20
79,Codex--Qwen-3.6-Plus,13,13
83,Codex--Qwen-3.6-Plus,20,23
85,Codex--Qwen-3.6-Plus,20,21
87,Codex--Qwen-3.6-Plus,21,21
91,Codex--Qwen-3.6-Plus,7,7
92,Codex--Qwen-3.6-Plus,6,6
94,Codex--Qwen-3.6-Plus,8,8
95,Codex--Qwen-3.6-Plus,0,12
100,Codex--Qwen-3.6-Plus,7,7
102,Codex--Qwen-3.6-Plus,8,8
107,Codex--Qwen-3.6-Plus,20,25
108,Codex--Qwen-3.6-Plus,18,21
115,Codex--Qwen-3.6-Plus,0,18
116,Codex--Qwen-3.6-Plus,9,21
120,Codex--Qwen-3.6-Plus,0,22
124,Codex--Qwen-3.6-Plus,0,17
127,Codex--Qwen-3.6-Plus,21,21
128,Codex--Qwen-3.6-Plus,13,17
129,Codex--Qwen-3.6-Plus,19,20
131,Codex--Qwen-3.6-Plus,0,22
137,Codex--Qwen-3.6-Plus,17,24
139,Codex--Qwen-3.6-Plus,4,25
143,Codex--Qwen-3.6-Plus,3,24
146,Codex--Qwen-3.6-Plus,21,26
152,Codex--Qwen-3.6-Plus,0,20
154,Codex--Qwen-3.6-Plus,22,24
158,Codex--Qwen-3.6-Plus,12,22
159,Codex--Qwen-3.6-Plus,7,24
160,Codex--Qwen-3.6-Plus,0,20
161,Codex--Qwen-3.6-Plus,3,24
171,Codex--Qwen-3.6-Plus,18,18
175,Codex--Qwen-3.6-Plus,9,12
178,Codex--Qwen-3.6-Plus,8,10
191,Codex--Qwen-3.6-Plus,13,23
192,Codex--Qwen-3.6-Plus,8,17
207,Codex--Qwen-3.6-Plus,8,20
224,Codex--Qwen-3.6-Plus,14,19
226,Codex--Qwen-3.6-Plus,3,22
227,Codex--Qwen-3.6-Plus,20,25
232,Codex--Qwen-3.6-Plus,0,19
242,Codex--Qwen-3.6-Plus,4,13
244,Codex--Qwen-3.6-Plus,0,20
251,Codex--Qwen-3.6-Plus,0,22
255,Codex--Qwen-3.6-Plus,18,18
258,Codex--Qwen-3.6-Plus,4,16
266,Codex--Qwen-3.6-Plus,18,20
267,Codex--Qwen-3.6-Plus,13,16
269,Codex--Qwen-3.6-Plus,0,18
274,Codex--Qwen-3.6-Plus,9,20
276,Codex--Qwen-3.6-Plus,19,20
277,Codex--Qwen-3.6-Plus,14,18
278,Codex--Qwen-3.6-Plus,14,20
281,Codex--Qwen-3.6-Plus,17,21
284,Codex--Qwen-3.6-Plus,4,17
286,Codex--Qwen-3.6-Plus,0,18
287,Codex--Qwen-3.6-Plus,0,20
288,Codex--Qwen-3.6-Plus,0,19
289,Codex--Qwen-3.6-Plus,4,15
291,Codex--Qwen-3.6-Plus,19,19
300,Codex--Qwen-3.6-Plus,12,14
306,Codex--Qwen-3.6-Plus,12,20
311,Codex--Qwen-3.6-Plus,9,21
314,Codex--Qwen-3.6-Plus,11,18
328,Codex--Qwen-3.6-Plus,10,16
329,Codex--Qwen-3.6-Plus,0,14
334,Codex--Qwen-3.6-Plus,8,18
337,Codex--Qwen-3.6-Plus,0,18
340,Codex--Qwen-3.6-Plus,8,20
346,Codex--Qwen-3.6-Plus,0,16
354,Codex--Qwen-3.6-Plus,0,19
357,Codex--Qwen-3.6-Plus,11,11
358,Codex--Qwen-3.6-Plus,9,15
359,Codex--Qwen-3.6-Plus,12,14
360,Codex--Qwen-3.6-Plus,0,21
363,Codex--Qwen-3.6-Plus,0,22
372,Codex--Qwen-3.6-Plus,7,20
373,Codex--Qwen-3.6-Plus,9,20
374,Codex--Qwen-3.6-Plus,5,15
380,Codex--Qwen-3.6-Plus,9,25
381,Codex--Qwen-3.6-Plus,0,20
386,Codex--Qwen-3.6-Plus,0,25
388,Codex--Qwen-3.6-Plus,0,22
3,DeepAgent--GLM-5.1,17,21
7,DeepAgent--GLM-5.1,0,10
13,DeepAgent--GLM-5.1,7,19
15,DeepAgent--GLM-5.1,9,16
23,DeepAgent--GLM-5.1,9,20
33,DeepAgent--GLM-5.1,10,19
35,DeepAgent--GLM-5.1,5,26
37,DeepAgent--GLM-5.1,4,20
38,DeepAgent--GLM-5.1,13,18
44,DeepAgent--GLM-5.1,12,16
45,DeepAgent--GLM-5.1,11,19
47,DeepAgent--GLM-5.1,11,20
53,DeepAgent--GLM-5.1,0,11
54,DeepAgent--GLM-5.1,15,18
55,DeepAgent--GLM-5.1,19,20
72,DeepAgent--GLM-5.1,20,20
75,DeepAgent--GLM-5.1,12,21
78,DeepAgent--GLM-5.1,5,20
79,DeepAgent--GLM-5.1,13,13
83,DeepAgent--GLM-5.1,2,23
85,DeepAgent--GLM-5.1,19,21
87,DeepAgent--GLM-5.1,20,21
91,DeepAgent--GLM-5.1,7,7
92,DeepAgent--GLM-5.1,6,6
94,DeepAgent--GLM-5.1,8,8
95,DeepAgent--GLM-5.1,12,12
100,DeepAgent--GLM-5.1,7,7
102,DeepAgent--GLM-5.1,3,8
107,DeepAgent--GLM-5.1,21,25
108,DeepAgent--GLM-5.1,18,21
115,DeepAgent--GLM-5.1,7,18
116,DeepAgent--GLM-5.1,9,21
120,DeepAgent--GLM-5.1,15,22
124,DeepAgent--GLM-5.1,16,17
127,DeepAgent--GLM-5.1,21,21
128,DeepAgent--GLM-5.1,11,17
129,DeepAgent--GLM-5.1,20,20
131,DeepAgent--GLM-5.1,5,22
137,DeepAgent--GLM-5.1,0,24
139,DeepAgent--GLM-5.1,22,25
143,DeepAgent--GLM-5.1,3,24
146,DeepAgent--GLM-5.1,2,26
152,DeepAgent--GLM-5.1,9,20
154,DeepAgent--GLM-5.1,15,24
158,DeepAgent--GLM-5.1,11,22
159,DeepAgent--GLM-5.1,24,24
160,DeepAgent--GLM-5.1,19,20
161,DeepAgent--GLM-5.1,13,24
171,DeepAgent--GLM-5.1,17,18
175,DeepAgent--GLM-5.1,11,12
178,DeepAgent--GLM-5.1,6,10
191,DeepAgent--GLM-5.1,23,23
192,DeepAgent--GLM-5.1,9,17
207,DeepAgent--GLM-5.1,10,20
224,DeepAgent--GLM-5.1,2,19
226,DeepAgent--GLM-5.1,7,22
227,DeepAgent--GLM-5.1,18,25
232,DeepAgent--GLM-5.1,8,19
242,DeepAgent--GLM-5.1,8,13
244,DeepAgent--GLM-5.1,19,20
251,DeepAgent--GLM-5.1,22,22
255,DeepAgent--GLM-5.1,18,18
258,DeepAgent--GLM-5.1,2,16
266,DeepAgent--GLM-5.1,19,20
267,DeepAgent--GLM-5.1,15,16
269,DeepAgent--GLM-5.1,16,18
274,DeepAgent--GLM-5.1,9,20
276,DeepAgent--GLM-5.1,18,20
277,DeepAgent--GLM-5.1,16,18
278,DeepAgent--GLM-5.1,14,20
281,DeepAgent--GLM-5.1,20,21
284,DeepAgent--GLM-5.1,5,17
286,DeepAgent--GLM-5.1,10,18
287,DeepAgent--GLM-5.1,15,20
288,DeepAgent--GLM-5.1,5,19
289,DeepAgent--GLM-5.1,7,15
291,DeepAgent--GLM-5.1,5,19
300,DeepAgent--GLM-5.1,12,14
306,DeepAgent--GLM-5.1,6,20
311,DeepAgent--GLM-5.1,11,21
314,DeepAgent--GLM-5.1,11,18
328,DeepAgent--GLM-5.1,14,16
329,DeepAgent--GLM-5.1,6,14
334,DeepAgent--GLM-5.1,16,18
337,DeepAgent--GLM-5.1,8,18
340,DeepAgent--GLM-5.1,7,20
346,DeepAgent--GLM-5.1,7,16
354,DeepAgent--GLM-5.1,8,19
357,DeepAgent--GLM-5.1,11,11
358,DeepAgent--GLM-5.1,7,15
359,DeepAgent--GLM-5.1,11,14
360,DeepAgent--GLM-5.1,21,21
363,DeepAgent--GLM-5.1,22,22
372,DeepAgent--GLM-5.1,8,20
373,DeepAgent--GLM-5.1,10,20
374,DeepAgent--GLM-5.1,7,15
380,DeepAgent--GLM-5.1,11,25
381,DeepAgent--GLM-5.1,8,20
386,DeepAgent--GLM-5.1,0,25
388,DeepAgent--GLM-5.1,20,22
3,DeepAgent--GPT-5.4,3,21
7,DeepAgent--GPT-5.4,4,10
13,DeepAgent--GPT-5.4,7,19
15,DeepAgent--GPT-5.4,8,16
23,DeepAgent--GPT-5.4,0,20
33,DeepAgent--GPT-5.4,11,19
35,DeepAgent--GPT-5.4,2,26
37,DeepAgent--GPT-5.4,8,20
38,DeepAgent--GPT-5.4,13,18
44,DeepAgent--GPT-5.4,10,16
45,DeepAgent--GPT-5.4,13,19
47,DeepAgent--GPT-5.4,20,20
53,DeepAgent--GPT-5.4,0,11
54,DeepAgent--GPT-5.4,7,18
55,DeepAgent--GPT-5.4,9,20
72,DeepAgent--GPT-5.4,0,20
75,DeepAgent--GPT-5.4,7,21
78,DeepAgent--GPT-5.4,3,20
79,DeepAgent--GPT-5.4,1,13
83,DeepAgent--GPT-5.4,3,23
85,DeepAgent--GPT-5.4,4,21
87,DeepAgent--GPT-5.4,21,21
91,DeepAgent--GPT-5.4,6,7
92,DeepAgent--GPT-5.4,6,6
94,DeepAgent--GPT-5.4,8,8
95,DeepAgent--GPT-5.4,3,12
100,DeepAgent--GPT-5.4,7,7
102,DeepAgent--GPT-5.4,6,8
107,DeepAgent--GPT-5.4,16,25
108,DeepAgent--GPT-5.4,17,21
115,DeepAgent--GPT-5.4,3,18
116,DeepAgent--GPT-5.4,8,21
120,DeepAgent--GPT-5.4,1,22
124,DeepAgent--GPT-5.4,0,17
127,DeepAgent--GPT-5.4,3,21
128,DeepAgent--GPT-5.4,0,17
129,DeepAgent--GPT-5.4,20,20
131,DeepAgent--GPT-5.4,3,22
137,DeepAgent--GPT-5.4,20,24
139,DeepAgent--GPT-5.4,2,25
143,DeepAgent--GPT-5.4,11,24
146,DeepAgent--GPT-5.4,2,26
152,DeepAgent--GPT-5.4,2,20
154,DeepAgent--GPT-5.4,3,24
158,DeepAgent--GPT-5.4,6,22
159,DeepAgent--GPT-5.4,0,24
160,DeepAgent--GPT-5.4,0,20
161,DeepAgent--GPT-5.4,0,24
171,DeepAgent--GPT-5.4,17,18
175,DeepAgent--GPT-5.4,8,12
178,DeepAgent--GPT-5.4,1,10
191,DeepAgent--GPT-5.4,2,23
192,DeepAgent--GPT-5.4,2,17
207,DeepAgent--GPT-5.4,7,20
224,DeepAgent--GPT-5.4,1,19
226,DeepAgent--GPT-5.4,6,22
227,DeepAgent--GPT-5.4,25,25
232,DeepAgent--GPT-5.4,2,19
242,DeepAgent--GPT-5.4,7,13
244,DeepAgent--GPT-5.4,0,21
251,DeepAgent--GPT-5.4,13,22
255,DeepAgent--GPT-5.4,12,18
258,DeepAgent--GPT-5.4,5,16
266,DeepAgent--GPT-5.4,0,20
267,DeepAgent--GPT-5.4,5,16
269,DeepAgent--GPT-5.4,15,18
274,DeepAgent--GPT-5.4,10,20
276,DeepAgent--GPT-5.4,15,20
277,DeepAgent--GPT-5.4,16,18
278,DeepAgent--GPT-5.4,13,20
281,DeepAgent--GPT-5.4,0,21
284,DeepAgent--GPT-5.4,16,17
286,DeepAgent--GPT-5.4,9,18
287,DeepAgent--GPT-5.4,11,20
288,DeepAgent--GPT-5.4,3,19
289,DeepAgent--GPT-5.4,6,15
291,DeepAgent--GPT-5.4,9,20
300,DeepAgent--GPT-5.4,10,14
306,DeepAgent--GPT-5.4,1,20
311,DeepAgent--GPT-5.4,6,21
314,DeepAgent--GPT-5.4,9,18
328,DeepAgent--GPT-5.4,7,16
329,DeepAgent--GPT-5.4,0,14
334,DeepAgent--GPT-5.4,0,18
337,DeepAgent--GPT-5.4,0,18
340,DeepAgent--GPT-5.4,8,20
346,DeepAgent--GPT-5.4,7,16
354,DeepAgent--GPT-5.4,3,19
357,DeepAgent--GPT-5.4,4,11
358,DeepAgent--GPT-5.4,9,15
359,DeepAgent--GPT-5.4,9,14
360,DeepAgent--GPT-5.4,20,21
363,DeepAgent--GPT-5.4,9,22
372,DeepAgent--GPT-5.4,4,20
373,DeepAgent--GPT-5.4,0,20
374,DeepAgent--GPT-5.4,8,15
380,DeepAgent--GPT-5.4,11,25
381,DeepAgent--GPT-5.4,4,20
386,DeepAgent--GPT-5.4,0,24
388,DeepAgent--GPT-5.4,0,22
3,DeepAgent--Gemini-3.1-Pro,15,21
7,DeepAgent--Gemini-3.1-Pro,8,10
13,DeepAgent--Gemini-3.1-Pro,3,19
15,DeepAgent--Gemini-3.1-Pro,2,16
23,DeepAgent--Gemini-3.1-Pro,1,20
33,DeepAgent--Gemini-3.1-Pro,7,19
35,DeepAgent--Gemini-3.1-Pro,1,26
37,DeepAgent--Gemini-3.1-Pro,3,20
38,DeepAgent--Gemini-3.1-Pro,13,18
44,DeepAgent--Gemini-3.1-Pro,8,16
45,DeepAgent--Gemini-3.1-Pro,5,19
47,DeepAgent--Gemini-3.1-Pro,8,20
53,DeepAgent--Gemini-3.1-Pro,7,11
54,DeepAgent--Gemini-3.1-Pro,0,18
55,DeepAgent--Gemini-3.1-Pro,5,20
72,DeepAgent--Gemini-3.1-Pro,19,20
75,DeepAgent--Gemini-3.1-Pro,5,21
78,DeepAgent--Gemini-3.1-Pro,14,20
79,DeepAgent--Gemini-3.1-Pro,13,13
83,DeepAgent--Gemini-3.1-Pro,23,23
85,DeepAgent--Gemini-3.1-Pro,10,21
87,DeepAgent--Gemini-3.1-Pro,19,21
91,DeepAgent--Gemini-3.1-Pro,6,7
92,DeepAgent--Gemini-3.1-Pro,2,6
94,DeepAgent--Gemini-3.1-Pro,8,8
95,DeepAgent--Gemini-3.1-Pro,9,12
100,DeepAgent--Gemini-3.1-Pro,7,7
102,DeepAgent--Gemini-3.1-Pro,4,8
107,DeepAgent--Gemini-3.1-Pro,12,25
108,DeepAgent--Gemini-3.1-Pro,11,21
115,DeepAgent--Gemini-3.1-Pro,1,18
116,DeepAgent--Gemini-3.1-Pro,0,21
120,DeepAgent--Gemini-3.1-Pro,6,22
124,DeepAgent--Gemini-3.1-Pro,15,17
127,DeepAgent--Gemini-3.1-Pro,21,21
128,DeepAgent--Gemini-3.1-Pro,2,17
129,DeepAgent--Gemini-3.1-Pro,18,20
131,DeepAgent--Gemini-3.1-Pro,4,22
137,DeepAgent--Gemini-3.1-Pro,1,24
139,DeepAgent--Gemini-3.1-Pro,20,25
143,DeepAgent--Gemini-3.1-Pro,5,24
146,DeepAgent--Gemini-3.1-Pro,1,26
152,DeepAgent--Gemini-3.1-Pro,0,20
154,DeepAgent--Gemini-3.1-Pro,20,24
158,DeepAgent--Gemini-3.1-Pro,9,22
159,DeepAgent--Gemini-3.1-Pro,24,24
160,DeepAgent--Gemini-3.1-Pro,0,20
161,DeepAgent--Gemini-3.1-Pro,14,24
171,DeepAgent--Gemini-3.1-Pro,17,18
175,DeepAgent--Gemini-3.1-Pro,5,12
178,DeepAgent--Gemini-3.1-Pro,3,10
191,DeepAgent--Gemini-3.1-Pro,2,23
192,DeepAgent--Gemini-3.1-Pro,1,17
207,DeepAgent--Gemini-3.1-Pro,1,20
224,DeepAgent--Gemini-3.1-Pro,3,19
226,DeepAgent--Gemini-3.1-Pro,6,22
227,DeepAgent--Gemini-3.1-Pro,10,25
232,DeepAgent--Gemini-3.1-Pro,19,19
242,DeepAgent--Gemini-3.1-Pro,7,13
244,DeepAgent--Gemini-3.1-Pro,2,20
251,DeepAgent--Gemini-3.1-Pro,13,22
255,DeepAgent--Gemini-3.1-Pro,6,18
258,DeepAgent--Gemini-3.1-Pro,3,16
266,DeepAgent--Gemini-3.1-Pro,15,20
267,DeepAgent--Gemini-3.1-Pro,7,16
269,DeepAgent--Gemini-3.1-Pro,9,18
274,DeepAgent--Gemini-3.1-Pro,2,20
276,DeepAgent--Gemini-3.1-Pro,9,20
277,DeepAgent--Gemini-3.1-Pro,3,18
278,DeepAgent--Gemini-3.1-Pro,0,20
281,DeepAgent--Gemini-3.1-Pro,0,21
284,DeepAgent--Gemini-3.1-Pro,17,17
286,DeepAgent--Gemini-3.1-Pro,2,18
287,DeepAgent--Gemini-3.1-Pro,1,20
288,DeepAgent--Gemini-3.1-Pro,3,19
289,DeepAgent--Gemini-3.1-Pro,7,15
291,DeepAgent--Gemini-3.1-Pro,3,19
300,DeepAgent--Gemini-3.1-Pro,9,14
306,DeepAgent--Gemini-3.1-Pro,1,20
311,DeepAgent--Gemini-3.1-Pro,1,21
314,DeepAgent--Gemini-3.1-Pro,11,18
328,DeepAgent--Gemini-3.1-Pro,7,16
329,DeepAgent--Gemini-3.1-Pro,0,14
334,DeepAgent--Gemini-3.1-Pro,3,18
337,DeepAgent--Gemini-3.1-Pro,0,18
340,DeepAgent--Gemini-3.1-Pro,6,20
346,DeepAgent--Gemini-3.1-Pro,0,16
354,DeepAgent--Gemini-3.1-Pro,0,19
357,DeepAgent--Gemini-3.1-Pro,0,11
358,DeepAgent--Gemini-3.1-Pro,8,15
359,DeepAgent--Gemini-3.1-Pro,3,14
360,DeepAgent--Gemini-3.1-Pro,0,21
363,DeepAgent--Gemini-3.1-Pro,11,22
372,DeepAgent--Gemini-3.1-Pro,7,20
373,DeepAgent--Gemini-3.1-Pro,9,20
374,DeepAgent--Gemini-3.1-Pro,2,15
380,DeepAgent--Gemini-3.1-Pro,5,25
381,DeepAgent--Gemini-3.1-Pro,0,20
386,DeepAgent--Gemini-3.1-Pro,1,25
388,DeepAgent--Gemini-3.1-Pro,22,22
3,DeepAgent--Grok-4.3,3,21
7,DeepAgent--Grok-4.3,0,10
13,DeepAgent--Grok-4.3,3,19
15,DeepAgent--Grok-4.3,6,16
23,DeepAgent--Grok-4.3,0,20
33,DeepAgent--Grok-4.3,1,19
35,DeepAgent--Grok-4.3,0,26
37,DeepAgent--Grok-4.3,0,20
38,DeepAgent--Grok-4.3,6,18
44,DeepAgent--Grok-4.3,3,16
45,DeepAgent--Grok-4.3,0,20
47,DeepAgent--Grok-4.3,1,20
53,DeepAgent--Grok-4.3,0,11
54,DeepAgent--Grok-4.3,1,18
55,DeepAgent--Grok-4.3,0,20
72,DeepAgent--Grok-4.3,0,20
75,DeepAgent--Grok-4.3,1,21
78,DeepAgent--Grok-4.3,1,20
79,DeepAgent--Grok-4.3,1,13
83,DeepAgent--Grok-4.3,2,23
85,DeepAgent--Grok-4.3,4,21
87,DeepAgent--Grok-4.3,0,21
91,DeepAgent--Grok-4.3,0,7
92,DeepAgent--Grok-4.3,2,6
94,DeepAgent--Grok-4.3,2,8
95,DeepAgent--Grok-4.3,0,12
100,DeepAgent--Grok-4.3,3,7
102,DeepAgent--Grok-4.3,1,8
107,DeepAgent--Grok-4.3,1,25
108,DeepAgent--Grok-4.3,16,21
115,DeepAgent--Grok-4.3,0,18
116,DeepAgent--Grok-4.3,3,21
120,DeepAgent--Grok-4.3,1,22
124,DeepAgent--Grok-4.3,2,17
127,DeepAgent--Grok-4.3,0,21
128,DeepAgent--Grok-4.3,3,17
129,DeepAgent--Grok-4.3,0,20
131,DeepAgent--Grok-4.3,6,22
137,DeepAgent--Grok-4.3,2,24
139,DeepAgent--Grok-4.3,1,25
143,DeepAgent--Grok-4.3,0,24
146,DeepAgent--Grok-4.3,2,26
152,DeepAgent--Grok-4.3,0,20
154,DeepAgent--Grok-4.3,22,24
158,DeepAgent--Grok-4.3,2,22
159,DeepAgent--Grok-4.3,1,24
160,DeepAgent--Grok-4.3,0,20
161,DeepAgent--Grok-4.3,0,25
171,DeepAgent--Grok-4.3,4,18
175,DeepAgent--Grok-4.3,1,12
178,DeepAgent--Grok-4.3,0,10
191,DeepAgent--Grok-4.3,2,23
192,DeepAgent--Grok-4.3,1,17
207,DeepAgent--Grok-4.3,0,20
224,DeepAgent--Grok-4.3,4,19
226,DeepAgent--Grok-4.3,5,22
227,DeepAgent--Grok-4.3,2,25
232,DeepAgent--Grok-4.3,1,19
242,DeepAgent--Grok-4.3,1,13
244,DeepAgent--Grok-4.3,0,20
251,DeepAgent--Grok-4.3,5,22
255,DeepAgent--Grok-4.3,0,18
258,DeepAgent--Grok-4.3,4,16
266,DeepAgent--Grok-4.3,17,20
267,DeepAgent--Grok-4.3,2,16
269,DeepAgent--Grok-4.3,4,18
274,DeepAgent--Grok-4.3,0,20
276,DeepAgent--Grok-4.3,2,20
277,DeepAgent--Grok-4.3,4,18
278,DeepAgent--Grok-4.3,0,20
281,DeepAgent--Grok-4.3,3,21
284,DeepAgent--Grok-4.3,0,17
286,DeepAgent--Grok-4.3,2,18
287,DeepAgent--Grok-4.3,2,20
288,DeepAgent--Grok-4.3,3,19
289,DeepAgent--Grok-4.3,7,15
291,DeepAgent--Grok-4.3,4,19
300,DeepAgent--Grok-4.3,9,14
306,DeepAgent--Grok-4.3,4,20
311,DeepAgent--Grok-4.3,5,21
314,DeepAgent--Grok-4.3,2,18
328,DeepAgent--Grok-4.3,5,16
329,DeepAgent--Grok-4.3,0,14
334,DeepAgent--Grok-4.3,1,18
337,DeepAgent--Grok-4.3,0,18
340,DeepAgent--Grok-4.3,0,20
346,DeepAgent--Grok-4.3,0,16
354,DeepAgent--Grok-4.3,0,19
357,DeepAgent--Grok-4.3,0,11
358,DeepAgent--Grok-4.3,0,15
359,DeepAgent--Grok-4.3,2,14
360,DeepAgent--Grok-4.3,3,21
363,DeepAgent--Grok-4.3,9,22
372,DeepAgent--Grok-4.3,13,20
373,DeepAgent--Grok-4.3,5,20
374,DeepAgent--Grok-4.3,4,15
380,DeepAgent--Grok-4.3,7,25
381,DeepAgent--Grok-4.3,1,20
386,DeepAgent--Grok-4.3,0,25
388,DeepAgent--Grok-4.3,0,22
3,DeepAgent--Kimi-2.5,14,21
7,DeepAgent--Kimi-2.5,4,10
13,DeepAgent--Kimi-2.5,0,19
15,DeepAgent--Kimi-2.5,7,16
23,DeepAgent--Kimi-2.5,5,20
33,DeepAgent--Kimi-2.5,10,19
35,DeepAgent--Kimi-2.5,9,26
37,DeepAgent--Kimi-2.5,1,20
38,DeepAgent--Kimi-2.5,0,18
44,DeepAgent--Kimi-2.5,3,16
45,DeepAgent--Kimi-2.5,11,19
47,DeepAgent--Kimi-2.5,14,20
53,DeepAgent--Kimi-2.5,0,11
54,DeepAgent--Kimi-2.5,5,18
55,DeepAgent--Kimi-2.5,16,20
72,DeepAgent--Kimi-2.5,20,20
75,DeepAgent--Kimi-2.5,10,21
78,DeepAgent--Kimi-2.5,9,20
79,DeepAgent--Kimi-2.5,13,13
83,DeepAgent--Kimi-2.5,4,23
85,DeepAgent--Kimi-2.5,21,21
87,DeepAgent--Kimi-2.5,21,21
91,DeepAgent--Kimi-2.5,6,7
92,DeepAgent--Kimi-2.5,6,6
94,DeepAgent--Kimi-2.5,8,8
95,DeepAgent--Kimi-2.5,12,12
100,DeepAgent--Kimi-2.5,7,7
102,DeepAgent--Kimi-2.5,8,8
107,DeepAgent--Kimi-2.5,12,25
108,DeepAgent--Kimi-2.5,17,21
115,DeepAgent--Kimi-2.5,6,18
116,DeepAgent--Kimi-2.5,9,21
120,DeepAgent--Kimi-2.5,2,22
124,DeepAgent--Kimi-2.5,17,17
127,DeepAgent--Kimi-2.5,21,21
128,DeepAgent--Kimi-2.5,0,17
129,DeepAgent--Kimi-2.5,0,20
131,DeepAgent--Kimi-2.5,6,22
137,DeepAgent--Kimi-2.5,0,24
139,DeepAgent--Kimi-2.5,3,25
143,DeepAgent--Kimi-2.5,2,24
146,DeepAgent--Kimi-2.5,2,26
152,DeepAgent--Kimi-2.5,8,20
154,DeepAgent--Kimi-2.5,3,24
158,DeepAgent--Kimi-2.5,5,22
159,DeepAgent--Kimi-2.5,24,24
160,DeepAgent--Kimi-2.5,0,20
161,DeepAgent--Kimi-2.5,19,24
171,DeepAgent--Kimi-2.5,17,18
175,DeepAgent--Kimi-2.5,6,12
178,DeepAgent--Kimi-2.5,8,10
191,DeepAgent--Kimi-2.5,2,23
192,DeepAgent--Kimi-2.5,7,17
207,DeepAgent--Kimi-2.5,7,20
224,DeepAgent--Kimi-2.5,1,19
226,DeepAgent--Kimi-2.5,6,22
227,DeepAgent--Kimi-2.5,20,25
232,DeepAgent--Kimi-2.5,0,19
242,DeepAgent--Kimi-2.5,7,13
244,DeepAgent--Kimi-2.5,10,20
251,DeepAgent--Kimi-2.5,22,22
255,DeepAgent--Kimi-2.5,0,18
258,DeepAgent--Kimi-2.5,2,16
266,DeepAgent--Kimi-2.5,7,20
267,DeepAgent--Kimi-2.5,9,16
269,DeepAgent--Kimi-2.5,14,18
274,DeepAgent--Kimi-2.5,4,20
276,DeepAgent--Kimi-2.5,0,20
277,DeepAgent--Kimi-2.5,12,18
278,DeepAgent--Kimi-2.5,12,20
281,DeepAgent--Kimi-2.5,17,21
284,DeepAgent--Kimi-2.5,3,17
286,DeepAgent--Kimi-2.5,11,18
287,DeepAgent--Kimi-2.5,15,20
288,DeepAgent--Kimi-2.5,4,19
289,DeepAgent--Kimi-2.5,5,15
291,DeepAgent--Kimi-2.5,5,19
300,DeepAgent--Kimi-2.5,10,14
306,DeepAgent--Kimi-2.5,6,20
311,DeepAgent--Kimi-2.5,0,21
314,DeepAgent--Kimi-2.5,11,18
328,DeepAgent--Kimi-2.5,2,16
329,DeepAgent--Kimi-2.5,0,14
334,DeepAgent--Kimi-2.5,2,18
337,DeepAgent--Kimi-2.5,0,18
340,DeepAgent--Kimi-2.5,2,20
346,DeepAgent--Kimi-2.5,3,16
354,DeepAgent--Kimi-2.5,1,19
357,DeepAgent--Kimi-2.5,9,11
358,DeepAgent--Kimi-2.5,9,15
359,DeepAgent--Kimi-2.5,11,14
360,DeepAgent--Kimi-2.5,17,21
363,DeepAgent--Kimi-2.5,21,22
372,DeepAgent--Kimi-2.5,5,20
373,DeepAgent--Kimi-2.5,10,20
374,DeepAgent--Kimi-2.5,5,15
380,DeepAgent--Kimi-2.5,4,25
381,DeepAgent--Kimi-2.5,4,20
386,DeepAgent--Kimi-2.5,8,25
388,DeepAgent--Kimi-2.5,0,22
3,DeepAgent--MiniMax-M2.7,10,21
7,DeepAgent--MiniMax-M2.7,1,10
13,DeepAgent--MiniMax-M2.7,3,19
15,DeepAgent--MiniMax-M2.7,3,16
23,DeepAgent--MiniMax-M2.7,4,20
33,DeepAgent--MiniMax-M2.7,7,19
35,DeepAgent--MiniMax-M2.7,4,26
37,DeepAgent--MiniMax-M2.7,3,20
38,DeepAgent--MiniMax-M2.7,12,18
44,DeepAgent--MiniMax-M2.7,11,16
45,DeepAgent--MiniMax-M2.7,2,19
47,DeepAgent--MiniMax-M2.7,20,20
53,DeepAgent--MiniMax-M2.7,0,11
54,DeepAgent--MiniMax-M2.7,9,18
55,DeepAgent--MiniMax-M2.7,12,20
72,DeepAgent--MiniMax-M2.7,20,20
75,DeepAgent--MiniMax-M2.7,2,21
78,DeepAgent--MiniMax-M2.7,9,20
79,DeepAgent--MiniMax-M2.7,13,13
83,DeepAgent--MiniMax-M2.7,19,23
85,DeepAgent--MiniMax-M2.7,19,21
87,DeepAgent--MiniMax-M2.7,21,21
91,DeepAgent--MiniMax-M2.7,7,7
92,DeepAgent--MiniMax-M2.7,0,6
94,DeepAgent--MiniMax-M2.7,6,8
95,DeepAgent--MiniMax-M2.7,0,12
100,DeepAgent--MiniMax-M2.7,7,7
102,DeepAgent--MiniMax-M2.7,5,8
107,DeepAgent--MiniMax-M2.7,12,25
108,DeepAgent--MiniMax-M2.7,16,21
115,DeepAgent--MiniMax-M2.7,2,18
116,DeepAgent--MiniMax-M2.7,5,21
120,DeepAgent--MiniMax-M2.7,3,22
124,DeepAgent--MiniMax-M2.7,2,17
127,DeepAgent--MiniMax-M2.7,21,21
128,DeepAgent--MiniMax-M2.7,3,17
129,DeepAgent--MiniMax-M2.7,19,20
131,DeepAgent--MiniMax-M2.7,7,22
137,DeepAgent--MiniMax-M2.7,19,24
139,DeepAgent--MiniMax-M2.7,18,25
143,DeepAgent--MiniMax-M2.7,3,24
146,DeepAgent--MiniMax-M2.7,2,26
152,DeepAgent--MiniMax-M2.7,2,20
154,DeepAgent--MiniMax-M2.7,2,24
158,DeepAgent--MiniMax-M2.7,8,22
159,DeepAgent--MiniMax-M2.7,24,24
160,DeepAgent--MiniMax-M2.7,0,20
161,DeepAgent--MiniMax-M2.7,17,24
171,DeepAgent--MiniMax-M2.7,17,18
175,DeepAgent--MiniMax-M2.7,2,12
178,DeepAgent--MiniMax-M2.7,8,10
191,DeepAgent--MiniMax-M2.7,2,23
192,DeepAgent--MiniMax-M2.7,1,17
207,DeepAgent--MiniMax-M2.7,6,20
224,DeepAgent--MiniMax-M2.7,2,19
226,DeepAgent--MiniMax-M2.7,10,22
227,DeepAgent--MiniMax-M2.7,22,25
232,DeepAgent--MiniMax-M2.7,1,19
242,DeepAgent--MiniMax-M2.7,7,13
244,DeepAgent--MiniMax-M2.7,0,20
251,DeepAgent--MiniMax-M2.7,22,22
255,DeepAgent--MiniMax-M2.7,7,18
258,DeepAgent--MiniMax-M2.7,2,16
266,DeepAgent--MiniMax-M2.7,13,20
267,DeepAgent--MiniMax-M2.7,9,16
269,DeepAgent--MiniMax-M2.7,13,18
274,DeepAgent--MiniMax-M2.7,9,20
276,DeepAgent--MiniMax-M2.7,17,20
277,DeepAgent--MiniMax-M2.7,9,18
278,DeepAgent--MiniMax-M2.7,13,20
281,DeepAgent--MiniMax-M2.7,18,21
284,DeepAgent--MiniMax-M2.7,16,17
286,DeepAgent--MiniMax-M2.7,10,18
287,DeepAgent--MiniMax-M2.7,9,20
288,DeepAgent--MiniMax-M2.7,4,19
289,DeepAgent--MiniMax-M2.7,7,15
291,DeepAgent--MiniMax-M2.7,6,19
300,DeepAgent--MiniMax-M2.7,4,14
306,DeepAgent--MiniMax-M2.7,3,20
311,DeepAgent--MiniMax-M2.7,4,21
314,DeepAgent--MiniMax-M2.7,3,18
328,DeepAgent--MiniMax-M2.7,9,16
329,DeepAgent--MiniMax-M2.7,7,14
334,DeepAgent--MiniMax-M2.7,1,18
337,DeepAgent--MiniMax-M2.7,0,18
340,DeepAgent--MiniMax-M2.7,5,20
346,DeepAgent--MiniMax-M2.7,4,16
354,DeepAgent--MiniMax-M2.7,7,19
357,DeepAgent--MiniMax-M2.7,8,11
358,DeepAgent--MiniMax-M2.7,5,15
359,DeepAgent--MiniMax-M2.7,4,14
360,DeepAgent--MiniMax-M2.7,14,21
363,DeepAgent--MiniMax-M2.7,18,22
372,DeepAgent--MiniMax-M2.7,11,20
373,DeepAgent--MiniMax-M2.7,11,20
374,DeepAgent--MiniMax-M2.7,4,15
380,DeepAgent--MiniMax-M2.7,11,25
381,DeepAgent--MiniMax-M2.7,2,20
386,DeepAgent--MiniMax-M2.7,3,25
388,DeepAgent--MiniMax-M2.7,22,22
3,DeepAgent--Qwen-3.6-Plus,0,21
7,DeepAgent--Qwen-3.6-Plus,7,10
13,DeepAgent--Qwen-3.6-Plus,13,19
15,DeepAgent--Qwen-3.6-Plus,11,16
23,DeepAgent--Qwen-3.6-Plus,1,20
33,DeepAgent--Qwen-3.6-Plus,10,19
35,DeepAgent--Qwen-3.6-Plus,2,26
37,DeepAgent--Qwen-3.6-Plus,1,20
38,DeepAgent--Qwen-3.6-Plus,6,18
44,DeepAgent--Qwen-3.6-Plus,10,16
45,DeepAgent--Qwen-3.6-Plus,6,19
47,DeepAgent--Qwen-3.6-Plus,20,20
53,DeepAgent--Qwen-3.6-Plus,11,11
54,DeepAgent--Qwen-3.6-Plus,0,18
55,DeepAgent--Qwen-3.6-Plus,11,20
72,DeepAgent--Qwen-3.6-Plus,0,20
75,DeepAgent--Qwen-3.6-Plus,12,21
78,DeepAgent--Qwen-3.6-Plus,17,20
79,DeepAgent--Qwen-3.6-Plus,13,13
83,DeepAgent--Qwen-3.6-Plus,0,23
85,DeepAgent--Qwen-3.6-Plus,21,21
87,DeepAgent--Qwen-3.6-Plus,1,21
91,DeepAgent--Qwen-3.6-Plus,1,7
92,DeepAgent--Qwen-3.6-Plus,6,6
94,DeepAgent--Qwen-3.6-Plus,0,8
95,DeepAgent--Qwen-3.6-Plus,0,12
100,DeepAgent--Qwen-3.6-Plus,7,7
102,DeepAgent--Qwen-3.6-Plus,5,8
107,DeepAgent--Qwen-3.6-Plus,21,25
108,DeepAgent--Qwen-3.6-Plus,18,21
115,DeepAgent--Qwen-3.6-Plus,6,18
116,DeepAgent--Qwen-3.6-Plus,0,21
120,DeepAgent--Qwen-3.6-Plus,15,22
124,DeepAgent--Qwen-3.6-Plus,15,17
127,DeepAgent--Qwen-3.6-Plus,21,21
128,DeepAgent--Qwen-3.6-Plus,8,17
129,DeepAgent--Qwen-3.6-Plus,20,20
131,DeepAgent--Qwen-3.6-Plus,0,22
137,DeepAgent--Qwen-3.6-Plus,4,24
139,DeepAgent--Qwen-3.6-Plus,0,25
143,DeepAgent--Qwen-3.6-Plus,11,24
146,DeepAgent--Qwen-3.6-Plus,2,26
152,DeepAgent--Qwen-3.6-Plus,2,20
154,DeepAgent--Qwen-3.6-Plus,24,24
158,DeepAgent--Qwen-3.6-Plus,6,22
159,DeepAgent--Qwen-3.6-Plus,0,24
160,DeepAgent--Qwen-3.6-Plus,19,20
161,DeepAgent--Qwen-3.6-Plus,12,24
171,DeepAgent--Qwen-3.6-Plus,16,18
175,DeepAgent--Qwen-3.6-Plus,2,12
178,DeepAgent--Qwen-3.6-Plus,9,10
191,DeepAgent--Qwen-3.6-Plus,6,23
192,DeepAgent--Qwen-3.6-Plus,8,17
207,DeepAgent--Qwen-3.6-Plus,19,20
224,DeepAgent--Qwen-3.6-Plus,11,19
226,DeepAgent--Qwen-3.6-Plus,6,22
227,DeepAgent--Qwen-3.6-Plus,0,25
232,DeepAgent--Qwen-3.6-Plus,12,19
242,DeepAgent--Qwen-3.6-Plus,7,13
244,DeepAgent--Qwen-3.6-Plus,10,20
251,DeepAgent--Qwen-3.6-Plus,21,22
255,DeepAgent--Qwen-3.6-Plus,7,18
258,DeepAgent--Qwen-3.6-Plus,0,16
266,DeepAgent--Qwen-3.6-Plus,18,20
267,DeepAgent--Qwen-3.6-Plus,0,16
269,DeepAgent--Qwen-3.6-Plus,3,18
274,DeepAgent--Qwen-3.6-Plus,0,20
276,DeepAgent--Qwen-3.6-Plus,0,20
277,DeepAgent--Qwen-3.6-Plus,7,18
278,DeepAgent--Qwen-3.6-Plus,0,20
281,DeepAgent--Qwen-3.6-Plus,0,21
284,DeepAgent--Qwen-3.6-Plus,5,17
286,DeepAgent--Qwen-3.6-Plus,0,18
287,DeepAgent--Qwen-3.6-Plus,19,20
288,DeepAgent--Qwen-3.6-Plus,5,19
289,DeepAgent--Qwen-3.6-Plus,6,15
291,DeepAgent--Qwen-3.6-Plus,0,20
300,DeepAgent--Qwen-3.6-Plus,9,14
306,DeepAgent--Qwen-3.6-Plus,0,20
311,DeepAgent--Qwen-3.6-Plus,0,21
314,DeepAgent--Qwen-3.6-Plus,16,18
328,DeepAgent--Qwen-3.6-Plus,0,16
329,DeepAgent--Qwen-3.6-Plus,8,14
334,DeepAgent--Qwen-3.6-Plus,0,18
337,DeepAgent--Qwen-3.6-Plus,0,18
340,DeepAgent--Qwen-3.6-Plus,9,20
346,DeepAgent--Qwen-3.6-Plus,0,16
354,DeepAgent--Qwen-3.6-Plus,0,19
357,DeepAgent--Qwen-3.6-Plus,9,11
358,DeepAgent--Qwen-3.6-Plus,7,15
359,DeepAgent--Qwen-3.6-Plus,11,14
360,DeepAgent--Qwen-3.6-Plus,0,21
363,DeepAgent--Qwen-3.6-Plus,4,22
372,DeepAgent--Qwen-3.6-Plus,0,20
373,DeepAgent--Qwen-3.6-Plus,9,20
374,DeepAgent--Qwen-3.6-Plus,8,15
380,DeepAgent--Qwen-3.6-Plus,0,25
381,DeepAgent--Qwen-3.6-Plus,0,20
386,DeepAgent--Qwen-3.6-Plus,0,25
388,DeepAgent--Qwen-3.6-Plus,8,22
3,Hermes--GLM-5.1,10,21
7,Hermes--GLM-5.1,3,10
13,Hermes--GLM-5.1,9,19
15,Hermes--GLM-5.1,3,16
23,Hermes--GLM-5.1,8,20
33,Hermes--GLM-5.1,10,19
35,Hermes--GLM-5.1,3,26
37,Hermes--GLM-5.1,17,20
38,Hermes--GLM-5.1,11,18
44,Hermes--GLM-5.1,8,16
45,Hermes--GLM-5.1,15,19
47,Hermes--GLM-5.1,20,20
53,Hermes--GLM-5.1,9,11
54,Hermes--GLM-5.1,12,18
55,Hermes--GLM-5.1,14,20
72,Hermes--GLM-5.1,3,20
75,Hermes--GLM-5.1,11,21
78,Hermes--GLM-5.1,15,20
79,Hermes--GLM-5.1,13,13
83,Hermes--GLM-5.1,19,23
85,Hermes--GLM-5.1,19,21
87,Hermes--GLM-5.1,21,21
91,Hermes--GLM-5.1,6,7
92,Hermes--GLM-5.1,6,6
94,Hermes--GLM-5.1,8,8
95,Hermes--GLM-5.1,12,12
100,Hermes--GLM-5.1,7,7
102,Hermes--GLM-5.1,5,8
107,Hermes--GLM-5.1,17,25
108,Hermes--GLM-5.1,20,21
115,Hermes--GLM-5.1,4,18
116,Hermes--GLM-5.1,8,21
120,Hermes--GLM-5.1,5,22
124,Hermes--GLM-5.1,16,17
127,Hermes--GLM-5.1,21,21
128,Hermes--GLM-5.1,9,17
129,Hermes--GLM-5.1,20,20
131,Hermes--GLM-5.1,20,22
137,Hermes--GLM-5.1,0,24
139,Hermes--GLM-5.1,6,25
143,Hermes--GLM-5.1,2,24
146,Hermes--GLM-5.1,22,26
152,Hermes--GLM-5.1,1,20
154,Hermes--GLM-5.1,24,24
158,Hermes--GLM-5.1,9,22
159,Hermes--GLM-5.1,24,24
160,Hermes--GLM-5.1,0,20
161,Hermes--GLM-5.1,14,24
171,Hermes--GLM-5.1,17,18
175,Hermes--GLM-5.1,8,12
178,Hermes--GLM-5.1,8,10
191,Hermes--GLM-5.1,7,23
192,Hermes--GLM-5.1,17,17
207,Hermes--GLM-5.1,7,20
224,Hermes--GLM-5.1,0,19
226,Hermes--GLM-5.1,6,22
227,Hermes--GLM-5.1,22,25
232,Hermes--GLM-5.1,13,19
242,Hermes--GLM-5.1,9,13
244,Hermes--GLM-5.1,9,20
251,Hermes--GLM-5.1,22,22
255,Hermes--GLM-5.1,7,18
258,Hermes--GLM-5.1,5,16
266,Hermes--GLM-5.1,16,20
267,Hermes--GLM-5.1,13,16
269,Hermes--GLM-5.1,13,18
274,Hermes--GLM-5.1,9,20
276,Hermes--GLM-5.1,19,20
277,Hermes--GLM-5.1,16,18
278,Hermes--GLM-5.1,13,20
281,Hermes--GLM-5.1,18,21
284,Hermes--GLM-5.1,5,17
286,Hermes--GLM-5.1,16,18
287,Hermes--GLM-5.1,13,20
288,Hermes--GLM-5.1,4,20
289,Hermes--GLM-5.1,7,15
291,Hermes--GLM-5.1,8,19
300,Hermes--GLM-5.1,12,14
306,Hermes--GLM-5.1,2,20
311,Hermes--GLM-5.1,11,21
314,Hermes--GLM-5.1,12,18
328,Hermes--GLM-5.1,6,16
329,Hermes--GLM-5.1,6,14
334,Hermes--GLM-5.1,12,18
337,Hermes--GLM-5.1,3,18
340,Hermes--GLM-5.1,5,20
346,Hermes--GLM-5.1,5,16
354,Hermes--GLM-5.1,4,19
357,Hermes--GLM-5.1,8,11
358,Hermes--GLM-5.1,9,15
359,Hermes--GLM-5.1,4,14
360,Hermes--GLM-5.1,17,21
363,Hermes--GLM-5.1,18,22
372,Hermes--GLM-5.1,6,20
373,Hermes--GLM-5.1,8,20
374,Hermes--GLM-5.1,5,15
380,Hermes--GLM-5.1,11,25
381,Hermes--GLM-5.1,10,20
386,Hermes--GLM-5.1,12,25
388,Hermes--GLM-5.1,20,22
3,Hermes--GPT-5.4,8,21
7,Hermes--GPT-5.4,7,10
13,Hermes--GPT-5.4,6,19
15,Hermes--GPT-5.4,9,16
23,Hermes--GPT-5.4,5,20
33,Hermes--GPT-5.4,10,19
35,Hermes--GPT-5.4,6,26
37,Hermes--GPT-5.4,8,20
38,Hermes--GPT-5.4,2,18
44,Hermes--GPT-5.4,10,16
45,Hermes--GPT-5.4,11,19
47,Hermes--GPT-5.4,19,20
53,Hermes--GPT-5.4,11,11
54,Hermes--GPT-5.4,7,18
55,Hermes--GPT-5.4,13,20
72,Hermes--GPT-5.4,14,20
75,Hermes--GPT-5.4,6,21
78,Hermes--GPT-5.4,3,20
79,Hermes--GPT-5.4,13,13
83,Hermes--GPT-5.4,2,23
85,Hermes--GPT-5.4,19,21
87,Hermes--GPT-5.4,2,21
91,Hermes--GPT-5.4,7,7
92,Hermes--GPT-5.4,6,6
94,Hermes--GPT-5.4,8,8
95,Hermes--GPT-5.4,11,12
100,Hermes--GPT-5.4,7,7
102,Hermes--GPT-5.4,6,8
107,Hermes--GPT-5.4,12,25
108,Hermes--GPT-5.4,17,21
115,Hermes--GPT-5.4,5,18
116,Hermes--GPT-5.4,1,21
120,Hermes--GPT-5.4,6,22
124,Hermes--GPT-5.4,15,17
127,Hermes--GPT-5.4,21,21
128,Hermes--GPT-5.4,11,17
129,Hermes--GPT-5.4,20,20
131,Hermes--GPT-5.4,5,22
137,Hermes--GPT-5.4,0,24
139,Hermes--GPT-5.4,21,25
143,Hermes--GPT-5.4,10,24
146,Hermes--GPT-5.4,2,26
152,Hermes--GPT-5.4,2,20
154,Hermes--GPT-5.4,14,24
158,Hermes--GPT-5.4,7,22
159,Hermes--GPT-5.4,6,24
160,Hermes--GPT-5.4,0,20
161,Hermes--GPT-5.4,14,24
171,Hermes--GPT-5.4,17,18
175,Hermes--GPT-5.4,9,12
178,Hermes--GPT-5.4,3,10
191,Hermes--GPT-5.4,2,23
192,Hermes--GPT-5.4,8,17
207,Hermes--GPT-5.4,3,20
224,Hermes--GPT-5.4,2,19
226,Hermes--GPT-5.4,6,22
227,Hermes--GPT-5.4,15,25
232,Hermes--GPT-5.4,7,19
242,Hermes--GPT-5.4,8,13
244,Hermes--GPT-5.4,9,20
251,Hermes--GPT-5.4,1,22
255,Hermes--GPT-5.4,9,18
258,Hermes--GPT-5.4,7,16
266,Hermes--GPT-5.4,18,20
267,Hermes--GPT-5.4,13,16
269,Hermes--GPT-5.4,14,18
274,Hermes--GPT-5.4,5,20
276,Hermes--GPT-5.4,18,20
277,Hermes--GPT-5.4,6,18
278,Hermes--GPT-5.4,2,20
281,Hermes--GPT-5.4,0,21
284,Hermes--GPT-5.4,6,17
286,Hermes--GPT-5.4,12,18
287,Hermes--GPT-5.4,1,20
288,Hermes--GPT-5.4,4,19
289,Hermes--GPT-5.4,8,15
291,Hermes--GPT-5.4,4,19
300,Hermes--GPT-5.4,12,14
306,Hermes--GPT-5.4,0,20
311,Hermes--GPT-5.4,2,21
314,Hermes--GPT-5.4,14,18
328,Hermes--GPT-5.4,9,16
329,Hermes--GPT-5.4,4,14
334,Hermes--GPT-5.4,10,18
337,Hermes--GPT-5.4,1,18
340,Hermes--GPT-5.4,5,20
346,Hermes--GPT-5.4,11,16
354,Hermes--GPT-5.4,3,19
357,Hermes--GPT-5.4,9,11
358,Hermes--GPT-5.4,9,15
359,Hermes--GPT-5.4,8,14
360,Hermes--GPT-5.4,20,21
363,Hermes--GPT-5.4,19,22
372,Hermes--GPT-5.4,8,20
373,Hermes--GPT-5.4,10,20
374,Hermes--GPT-5.4,0,15
380,Hermes--GPT-5.4,7,25
381,Hermes--GPT-5.4,7,20
386,Hermes--GPT-5.4,7,25
388,Hermes--GPT-5.4,5,22
3,Hermes--Gemini-3.1-Pro,0,21
7,Hermes--Gemini-3.1-Pro,4,10
13,Hermes--Gemini-3.1-Pro,8,19
15,Hermes--Gemini-3.1-Pro,3,16
23,Hermes--Gemini-3.1-Pro,1,20
33,Hermes--Gemini-3.1-Pro,2,20
35,Hermes--Gemini-3.1-Pro,3,26
37,Hermes--Gemini-3.1-Pro,1,20
38,Hermes--Gemini-3.1-Pro,1,18
44,Hermes--Gemini-3.1-Pro,12,16
45,Hermes--Gemini-3.1-Pro,2,19
47,Hermes--Gemini-3.1-Pro,8,20
53,Hermes--Gemini-3.1-Pro,11,11
54,Hermes--Gemini-3.1-Pro,5,18
55,Hermes--Gemini-3.1-Pro,8,20
72,Hermes--Gemini-3.1-Pro,20,20
75,Hermes--Gemini-3.1-Pro,7,21
78,Hermes--Gemini-3.1-Pro,9,20
79,Hermes--Gemini-3.1-Pro,13,13
83,Hermes--Gemini-3.1-Pro,0,23
85,Hermes--Gemini-3.1-Pro,6,21
87,Hermes--Gemini-3.1-Pro,0,21
91,Hermes--Gemini-3.1-Pro,6,7
92,Hermes--Gemini-3.1-Pro,6,6
94,Hermes--Gemini-3.1-Pro,0,8
95,Hermes--Gemini-3.1-Pro,7,12
100,Hermes--Gemini-3.1-Pro,7,7
102,Hermes--Gemini-3.1-Pro,0,8
107,Hermes--Gemini-3.1-Pro,0,25
108,Hermes--Gemini-3.1-Pro,10,21
115,Hermes--Gemini-3.1-Pro,0,18
116,Hermes--Gemini-3.1-Pro,0,21
120,Hermes--Gemini-3.1-Pro,2,22
124,Hermes--Gemini-3.1-Pro,15,17
127,Hermes--Gemini-3.1-Pro,21,21
128,Hermes--Gemini-3.1-Pro,1,17
129,Hermes--Gemini-3.1-Pro,20,20
131,Hermes--Gemini-3.1-Pro,14,22
137,Hermes--Gemini-3.1-Pro,1,24
139,Hermes--Gemini-3.1-Pro,0,25
143,Hermes--Gemini-3.1-Pro,0,24
146,Hermes--Gemini-3.1-Pro,2,26
152,Hermes--Gemini-3.1-Pro,2,20
154,Hermes--Gemini-3.1-Pro,0,24
158,Hermes--Gemini-3.1-Pro,4,22
159,Hermes--Gemini-3.1-Pro,9,24
160,Hermes--Gemini-3.1-Pro,0,20
161,Hermes--Gemini-3.1-Pro,9,24
171,Hermes--Gemini-3.1-Pro,13,18
175,Hermes--Gemini-3.1-Pro,9,12
178,Hermes--Gemini-3.1-Pro,3,10
191,Hermes--Gemini-3.1-Pro,2,23
192,Hermes--Gemini-3.1-Pro,2,17
207,Hermes--Gemini-3.1-Pro,1,20
224,Hermes--Gemini-3.1-Pro,5,19
226,Hermes--Gemini-3.1-Pro,7,22
227,Hermes--Gemini-3.1-Pro,14,25
232,Hermes--Gemini-3.1-Pro,2,19
242,Hermes--Gemini-3.1-Pro,3,13
244,Hermes--Gemini-3.1-Pro,6,20
251,Hermes--Gemini-3.1-Pro,16,22
255,Hermes--Gemini-3.1-Pro,0,18
258,Hermes--Gemini-3.1-Pro,1,16
266,Hermes--Gemini-3.1-Pro,16,20
267,Hermes--Gemini-3.1-Pro,10,16
269,Hermes--Gemini-3.1-Pro,0,18
274,Hermes--Gemini-3.1-Pro,0,20
276,Hermes--Gemini-3.1-Pro,7,20
277,Hermes--Gemini-3.1-Pro,10,18
278,Hermes--Gemini-3.1-Pro,1,20
281,Hermes--Gemini-3.1-Pro,13,21
284,Hermes--Gemini-3.1-Pro,0,17
286,Hermes--Gemini-3.1-Pro,4,18
287,Hermes--Gemini-3.1-Pro,0,20
288,Hermes--Gemini-3.1-Pro,3,19
289,Hermes--Gemini-3.1-Pro,6,15
291,Hermes--Gemini-3.1-Pro,1,19
300,Hermes--Gemini-3.1-Pro,7,14
306,Hermes--Gemini-3.1-Pro,5,20
311,Hermes--Gemini-3.1-Pro,9,21
314,Hermes--Gemini-3.1-Pro,15,18
328,Hermes--Gemini-3.1-Pro,7,16
329,Hermes--Gemini-3.1-Pro,5,14
334,Hermes--Gemini-3.1-Pro,0,18
337,Hermes--Gemini-3.1-Pro,0,18
340,Hermes--Gemini-3.1-Pro,0,20
346,Hermes--Gemini-3.1-Pro,4,16
354,Hermes--Gemini-3.1-Pro,0,19
357,Hermes--Gemini-3.1-Pro,4,11
358,Hermes--Gemini-3.1-Pro,8,15
359,Hermes--Gemini-3.1-Pro,2,14
360,Hermes--Gemini-3.1-Pro,5,21
363,Hermes--Gemini-3.1-Pro,0,22
372,Hermes--Gemini-3.1-Pro,6,20
373,Hermes--Gemini-3.1-Pro,0,20
374,Hermes--Gemini-3.1-Pro,4,15
380,Hermes--Gemini-3.1-Pro,6,25
381,Hermes--Gemini-3.1-Pro,0,20
386,Hermes--Gemini-3.1-Pro,0,25
388,Hermes--Gemini-3.1-Pro,1,22
3,Hermes--Grok-4.3,5,21
7,Hermes--Grok-4.3,0,10
13,Hermes--Grok-4.3,1,19
15,Hermes--Grok-4.3,5,16
23,Hermes--Grok-4.3,1,20
33,Hermes--Grok-4.3,4,19
35,Hermes--Grok-4.3,0,26
37,Hermes--Grok-4.3,1,20
38,Hermes--Grok-4.3,7,18
44,Hermes--Grok-4.3,6,16
45,Hermes--Grok-4.3,7,19
47,Hermes--Grok-4.3,19,20
53,Hermes--Grok-4.3,9,11
54,Hermes--Grok-4.3,8,18
55,Hermes--Grok-4.3,8,20
72,Hermes--Grok-4.3,20,20
75,Hermes--Grok-4.3,8,21
78,Hermes--Grok-4.3,2,20
79,Hermes--Grok-4.3,13,13
83,Hermes--Grok-4.3,3,23
85,Hermes--Grok-4.3,14,21
87,Hermes--Grok-4.3,21,21
91,Hermes--Grok-4.3,3,7
92,Hermes--Grok-4.3,4,6
94,Hermes--Grok-4.3,8,8
95,Hermes--Grok-4.3,11,12
100,Hermes--Grok-4.3,7,7
102,Hermes--Grok-4.3,5,8
107,Hermes--Grok-4.3,18,25
108,Hermes--Grok-4.3,16,21
115,Hermes--Grok-4.3,0,18
116,Hermes--Grok-4.3,0,21
120,Hermes--Grok-4.3,1,22
124,Hermes--Grok-4.3,0,17
127,Hermes--Grok-4.3,21,21
128,Hermes--Grok-4.3,3,17
129,Hermes--Grok-4.3,1,20
131,Hermes--Grok-4.3,7,22
137,Hermes--Grok-4.3,5,24
139,Hermes--Grok-4.3,4,25
143,Hermes--Grok-4.3,1,24
146,Hermes--Grok-4.3,19,27
152,Hermes--Grok-4.3,2,20
154,Hermes--Grok-4.3,3,24
158,Hermes--Grok-4.3,3,22
159,Hermes--Grok-4.3,22,24
160,Hermes--Grok-4.3,5,20
161,Hermes--Grok-4.3,3,24
171,Hermes--Grok-4.3,11,18
175,Hermes--Grok-4.3,12,12
178,Hermes--Grok-4.3,8,10
191,Hermes--Grok-4.3,2,23
192,Hermes--Grok-4.3,2,17
207,Hermes--Grok-4.3,1,20
224,Hermes--Grok-4.3,4,19
226,Hermes--Grok-4.3,2,22
227,Hermes--Grok-4.3,20,25
232,Hermes--Grok-4.3,0,19
242,Hermes--Grok-4.3,1,13
244,Hermes--Grok-4.3,7,20
251,Hermes--Grok-4.3,22,22
255,Hermes--Grok-4.3,9,18
258,Hermes--Grok-4.3,3,16
266,Hermes--Grok-4.3,13,20
267,Hermes--Grok-4.3,14,16
269,Hermes--Grok-4.3,0,18
274,Hermes--Grok-4.3,4,20
276,Hermes--Grok-4.3,18,20
277,Hermes--Grok-4.3,10,18
278,Hermes--Grok-4.3,4,20
281,Hermes--Grok-4.3,15,21
284,Hermes--Grok-4.3,4,17
286,Hermes--Grok-4.3,7,18
287,Hermes--Grok-4.3,1,20
288,Hermes--Grok-4.3,4,19
289,Hermes--Grok-4.3,6,15
291,Hermes--Grok-4.3,9,19
300,Hermes--Grok-4.3,9,14
306,Hermes--Grok-4.3,0,20
311,Hermes--Grok-4.3,5,21
314,Hermes--Grok-4.3,9,18
328,Hermes--Grok-4.3,2,16
329,Hermes--Grok-4.3,3,14
334,Hermes--Grok-4.3,1,18
337,Hermes--Grok-4.3,0,18
340,Hermes--Grok-4.3,3,20
346,Hermes--Grok-4.3,0,16
354,Hermes--Grok-4.3,1,19
357,Hermes--Grok-4.3,9,11
358,Hermes--Grok-4.3,5,15
359,Hermes--Grok-4.3,9,14
360,Hermes--Grok-4.3,14,21
363,Hermes--Grok-4.3,19,22
372,Hermes--Grok-4.3,7,20
373,Hermes--Grok-4.3,9,20
374,Hermes--Grok-4.3,4,15
380,Hermes--Grok-4.3,8,25
381,Hermes--Grok-4.3,6,20
386,Hermes--Grok-4.3,2,25
388,Hermes--Grok-4.3,0,23
3,Hermes--Kimi-2.5,14,21
7,Hermes--Kimi-2.5,5,10
13,Hermes--Kimi-2.5,9,19
15,Hermes--Kimi-2.5,5,16
23,Hermes--Kimi-2.5,8,20
33,Hermes--Kimi-2.5,10,19
35,Hermes--Kimi-2.5,4,26
37,Hermes--Kimi-2.5,7,20
38,Hermes--Kimi-2.5,5,18
44,Hermes--Kimi-2.5,11,16
45,Hermes--Kimi-2.5,15,19
47,Hermes--Kimi-2.5,20,20
53,Hermes--Kimi-2.5,0,11
54,Hermes--Kimi-2.5,9,18
55,Hermes--Kimi-2.5,10,20
72,Hermes--Kimi-2.5,20,20
75,Hermes--Kimi-2.5,10,21
78,Hermes--Kimi-2.5,10,20
79,Hermes--Kimi-2.5,12,13
83,Hermes--Kimi-2.5,0,23
85,Hermes--Kimi-2.5,21,21
87,Hermes--Kimi-2.5,21,21
91,Hermes--Kimi-2.5,7,7
92,Hermes--Kimi-2.5,6,6
94,Hermes--Kimi-2.5,8,8
95,Hermes--Kimi-2.5,10,12
100,Hermes--Kimi-2.5,7,7
102,Hermes--Kimi-2.5,5,8
107,Hermes--Kimi-2.5,15,25
108,Hermes--Kimi-2.5,18,21
115,Hermes--Kimi-2.5,8,18
116,Hermes--Kimi-2.5,3,21
120,Hermes--Kimi-2.5,15,22
124,Hermes--Kimi-2.5,17,17
127,Hermes--Kimi-2.5,21,21
128,Hermes--Kimi-2.5,9,17
129,Hermes--Kimi-2.5,20,20
131,Hermes--Kimi-2.5,16,22
137,Hermes--Kimi-2.5,0,24
139,Hermes--Kimi-2.5,24,25
143,Hermes--Kimi-2.5,3,24
146,Hermes--Kimi-2.5,2,26
152,Hermes--Kimi-2.5,7,20
154,Hermes--Kimi-2.5,2,24
158,Hermes--Kimi-2.5,7,22
159,Hermes--Kimi-2.5,24,24
160,Hermes--Kimi-2.5,0,20
161,Hermes--Kimi-2.5,13,24
171,Hermes--Kimi-2.5,17,18
175,Hermes--Kimi-2.5,9,12
178,Hermes--Kimi-2.5,10,10
191,Hermes--Kimi-2.5,15,23
192,Hermes--Kimi-2.5,6,17
207,Hermes--Kimi-2.5,4,20
224,Hermes--Kimi-2.5,4,19
226,Hermes--Kimi-2.5,5,22
227,Hermes--Kimi-2.5,2,25
232,Hermes--Kimi-2.5,19,19
242,Hermes--Kimi-2.5,8,13
244,Hermes--Kimi-2.5,6,20
251,Hermes--Kimi-2.5,22,22
255,Hermes--Kimi-2.5,1,18
258,Hermes--Kimi-2.5,0,16
266,Hermes--Kimi-2.5,7,20
267,Hermes--Kimi-2.5,13,16
269,Hermes--Kimi-2.5,14,18
274,Hermes--Kimi-2.5,11,20
276,Hermes--Kimi-2.5,20,20
277,Hermes--Kimi-2.5,13,18
278,Hermes--Kimi-2.5,11,20
281,Hermes--Kimi-2.5,16,21
284,Hermes--Kimi-2.5,3,17
286,Hermes--Kimi-2.5,12,18
287,Hermes--Kimi-2.5,3,20
288,Hermes--Kimi-2.5,6,19
289,Hermes--Kimi-2.5,6,15
291,Hermes--Kimi-2.5,3,19
300,Hermes--Kimi-2.5,12,14
306,Hermes--Kimi-2.5,6,20
311,Hermes--Kimi-2.5,8,21
314,Hermes--Kimi-2.5,12,18
328,Hermes--Kimi-2.5,0,16
329,Hermes--Kimi-2.5,6,14
334,Hermes--Kimi-2.5,10,18
337,Hermes--Kimi-2.5,0,18
340,Hermes--Kimi-2.5,9,20
346,Hermes--Kimi-2.5,11,16
354,Hermes--Kimi-2.5,5,19
357,Hermes--Kimi-2.5,10,11
358,Hermes--Kimi-2.5,12,15
359,Hermes--Kimi-2.5,4,14
360,Hermes--Kimi-2.5,0,21
363,Hermes--Kimi-2.5,10,22
372,Hermes--Kimi-2.5,9,20
373,Hermes--Kimi-2.5,10,20
374,Hermes--Kimi-2.5,5,15
380,Hermes--Kimi-2.5,0,25
381,Hermes--Kimi-2.5,5,20
386,Hermes--Kimi-2.5,0,25
388,Hermes--Kimi-2.5,8,22
3,Hermes--MiniMax-M2.7,5,21
7,Hermes--MiniMax-M2.7,3,10
13,Hermes--MiniMax-M2.7,8,19
15,Hermes--MiniMax-M2.7,3,16
23,Hermes--MiniMax-M2.7,7,20
33,Hermes--MiniMax-M2.7,3,19
35,Hermes--MiniMax-M2.7,2,26
37,Hermes--MiniMax-M2.7,8,20
38,Hermes--MiniMax-M2.7,11,18
44,Hermes--MiniMax-M2.7,12,16
45,Hermes--MiniMax-M2.7,9,19
47,Hermes--MiniMax-M2.7,11,20
53,Hermes--MiniMax-M2.7,11,11
54,Hermes--MiniMax-M2.7,11,18
55,Hermes--MiniMax-M2.7,16,20
72,Hermes--MiniMax-M2.7,20,20
75,Hermes--MiniMax-M2.7,10,21
78,Hermes--MiniMax-M2.7,9,20
79,Hermes--MiniMax-M2.7,13,13
83,Hermes--MiniMax-M2.7,9,23
85,Hermes--MiniMax-M2.7,18,21
87,Hermes--MiniMax-M2.7,21,21
91,Hermes--MiniMax-M2.7,6,7
92,Hermes--MiniMax-M2.7,6,6
94,Hermes--MiniMax-M2.7,8,8
95,Hermes--MiniMax-M2.7,12,12
100,Hermes--MiniMax-M2.7,7,7
102,Hermes--MiniMax-M2.7,8,8
107,Hermes--MiniMax-M2.7,22,25
108,Hermes--MiniMax-M2.7,20,21
115,Hermes--MiniMax-M2.7,3,18
116,Hermes--MiniMax-M2.7,4,21
120,Hermes--MiniMax-M2.7,2,22
124,Hermes--MiniMax-M2.7,16,17
127,Hermes--MiniMax-M2.7,20,21
128,Hermes--MiniMax-M2.7,8,17
129,Hermes--MiniMax-M2.7,20,20
131,Hermes--MiniMax-M2.7,8,22
137,Hermes--MiniMax-M2.7,15,24
139,Hermes--MiniMax-M2.7,23,25
143,Hermes--MiniMax-M2.7,10,24
146,Hermes--MiniMax-M2.7,2,26
152,Hermes--MiniMax-M2.7,2,20
154,Hermes--MiniMax-M2.7,1,24
158,Hermes--MiniMax-M2.7,7,22
159,Hermes--MiniMax-M2.7,24,24
160,Hermes--MiniMax-M2.7,0,20
161,Hermes--MiniMax-M2.7,12,24
171,Hermes--MiniMax-M2.7,17,18
175,Hermes--MiniMax-M2.7,5,12
178,Hermes--MiniMax-M2.7,8,10
191,Hermes--MiniMax-M2.7,7,23
192,Hermes--MiniMax-M2.7,7,17
207,Hermes--MiniMax-M2.7,9,20
224,Hermes--MiniMax-M2.7,4,19
226,Hermes--MiniMax-M2.7,7,22
227,Hermes--MiniMax-M2.7,18,25
232,Hermes--MiniMax-M2.7,3,19
242,Hermes--MiniMax-M2.7,8,13
244,Hermes--MiniMax-M2.7,20,20
251,Hermes--MiniMax-M2.7,22,22
255,Hermes--MiniMax-M2.7,9,18
258,Hermes--MiniMax-M2.7,3,16
266,Hermes--MiniMax-M2.7,18,20
267,Hermes--MiniMax-M2.7,12,16
269,Hermes--MiniMax-M2.7,12,18
274,Hermes--MiniMax-M2.7,7,20
276,Hermes--MiniMax-M2.7,19,20
277,Hermes--MiniMax-M2.7,14,18
278,Hermes--MiniMax-M2.7,11,20
281,Hermes--MiniMax-M2.7,16,21
284,Hermes--MiniMax-M2.7,5,17
286,Hermes--MiniMax-M2.7,12,18
287,Hermes--MiniMax-M2.7,12,20
288,Hermes--MiniMax-M2.7,6,19
289,Hermes--MiniMax-M2.7,7,15
291,Hermes--MiniMax-M2.7,5,19
300,Hermes--MiniMax-M2.7,13,14
306,Hermes--MiniMax-M2.7,7,20
311,Hermes--MiniMax-M2.7,4,21
314,Hermes--MiniMax-M2.7,17,18
328,Hermes--MiniMax-M2.7,0,16
329,Hermes--MiniMax-M2.7,4,14
334,Hermes--MiniMax-M2.7,0,18
337,Hermes--MiniMax-M2.7,0,18
340,Hermes--MiniMax-M2.7,3,20
346,Hermes--MiniMax-M2.7,7,16
354,Hermes--MiniMax-M2.7,5,19
357,Hermes--MiniMax-M2.7,6,11
358,Hermes--MiniMax-M2.7,11,15
359,Hermes--MiniMax-M2.7,6,14
360,Hermes--MiniMax-M2.7,21,21
363,Hermes--MiniMax-M2.7,22,22
372,Hermes--MiniMax-M2.7,15,20
373,Hermes--MiniMax-M2.7,9,20
374,Hermes--MiniMax-M2.7,7,15
380,Hermes--MiniMax-M2.7,7,25
381,Hermes--MiniMax-M2.7,4,20
386,Hermes--MiniMax-M2.7,2,25
388,Hermes--MiniMax-M2.7,17,22
3,Hermes--Qwen-3.6-Plus,8,21
7,Hermes--Qwen-3.6-Plus,8,10
13,Hermes--Qwen-3.6-Plus,1,19
15,Hermes--Qwen-3.6-Plus,8,16
23,Hermes--Qwen-3.6-Plus,6,20
33,Hermes--Qwen-3.6-Plus,9,19
35,Hermes--Qwen-3.6-Plus,7,26
37,Hermes--Qwen-3.6-Plus,9,20
38,Hermes--Qwen-3.6-Plus,13,18
44,Hermes--Qwen-3.6-Plus,11,16
45,Hermes--Qwen-3.6-Plus,8,19
47,Hermes--Qwen-3.6-Plus,18,20
53,Hermes--Qwen-3.6-Plus,11,11
54,Hermes--Qwen-3.6-Plus,11,18
55,Hermes--Qwen-3.6-Plus,12,20
72,Hermes--Qwen-3.6-Plus,4,20
75,Hermes--Qwen-3.6-Plus,11,21
78,Hermes--Qwen-3.6-Plus,14,20
79,Hermes--Qwen-3.6-Plus,13,13
83,Hermes--Qwen-3.6-Plus,18,23
85,Hermes--Qwen-3.6-Plus,19,21
87,Hermes--Qwen-3.6-Plus,21,21
91,Hermes--Qwen-3.6-Plus,6,7
92,Hermes--Qwen-3.6-Plus,6,6
94,Hermes--Qwen-3.6-Plus,2,8
95,Hermes--Qwen-3.6-Plus,12,12
100,Hermes--Qwen-3.6-Plus,7,7
102,Hermes--Qwen-3.6-Plus,0,8
107,Hermes--Qwen-3.6-Plus,22,25
108,Hermes--Qwen-3.6-Plus,5,21
115,Hermes--Qwen-3.6-Plus,0,18
116,Hermes--Qwen-3.6-Plus,0,21
120,Hermes--Qwen-3.6-Plus,13,22
124,Hermes--Qwen-3.6-Plus,15,17
127,Hermes--Qwen-3.6-Plus,21,21
128,Hermes--Qwen-3.6-Plus,7,17
129,Hermes--Qwen-3.6-Plus,17,20
131,Hermes--Qwen-3.6-Plus,5,22
137,Hermes--Qwen-3.6-Plus,21,24
139,Hermes--Qwen-3.6-Plus,21,25
143,Hermes--Qwen-3.6-Plus,2,24
146,Hermes--Qwen-3.6-Plus,23,26
152,Hermes--Qwen-3.6-Plus,8,20
154,Hermes--Qwen-3.6-Plus,3,24
158,Hermes--Qwen-3.6-Plus,7,22
159,Hermes--Qwen-3.6-Plus,22,24
160,Hermes--Qwen-3.6-Plus,0,20
161,Hermes--Qwen-3.6-Plus,13,24
171,Hermes--Qwen-3.6-Plus,13,18
175,Hermes--Qwen-3.6-Plus,10,12
178,Hermes--Qwen-3.6-Plus,8,10
191,Hermes--Qwen-3.6-Plus,7,23
192,Hermes--Qwen-3.6-Plus,1,17
207,Hermes--Qwen-3.6-Plus,10,20
224,Hermes--Qwen-3.6-Plus,3,19
226,Hermes--Qwen-3.6-Plus,4,22
227,Hermes--Qwen-3.6-Plus,25,25
232,Hermes--Qwen-3.6-Plus,10,19
242,Hermes--Qwen-3.6-Plus,7,13
244,Hermes--Qwen-3.6-Plus,6,20
251,Hermes--Qwen-3.6-Plus,22,22
255,Hermes--Qwen-3.6-Plus,8,18
258,Hermes--Qwen-3.6-Plus,3,16
266,Hermes--Qwen-3.6-Plus,15,20
267,Hermes--Qwen-3.6-Plus,0,16
269,Hermes--Qwen-3.6-Plus,14,18
274,Hermes--Qwen-3.6-Plus,0,20
276,Hermes--Qwen-3.6-Plus,20,20
277,Hermes--Qwen-3.6-Plus,14,18
278,Hermes--Qwen-3.6-Plus,14,20
281,Hermes--Qwen-3.6-Plus,0,21
284,Hermes--Qwen-3.6-Plus,5,17
286,Hermes--Qwen-3.6-Plus,14,18
287,Hermes--Qwen-3.6-Plus,12,20
288,Hermes--Qwen-3.6-Plus,3,19
289,Hermes--Qwen-3.6-Plus,7,15
291,Hermes--Qwen-3.6-Plus,0,19
300,Hermes--Qwen-3.6-Plus,14,14
306,Hermes--Qwen-3.6-Plus,6,20
311,Hermes--Qwen-3.6-Plus,10,21
314,Hermes--Qwen-3.6-Plus,11,18
328,Hermes--Qwen-3.6-Plus,7,16
329,Hermes--Qwen-3.6-Plus,6,14
334,Hermes--Qwen-3.6-Plus,0,18
337,Hermes--Qwen-3.6-Plus,0,18
340,Hermes--Qwen-3.6-Plus,3,20
346,Hermes--Qwen-3.6-Plus,0,16
354,Hermes--Qwen-3.6-Plus,8,19
357,Hermes--Qwen-3.6-Plus,6,11
358,Hermes--Qwen-3.6-Plus,10,15
359,Hermes--Qwen-3.6-Plus,10,14
360,Hermes--Qwen-3.6-Plus,21,21
363,Hermes--Qwen-3.6-Plus,22,22
372,Hermes--Qwen-3.6-Plus,8,20
373,Hermes--Qwen-3.6-Plus,10,20
374,Hermes--Qwen-3.6-Plus,7,15
380,Hermes--Qwen-3.6-Plus,9,25
381,Hermes--Qwen-3.6-Plus,6,20
386,Hermes--Qwen-3.6-Plus,6,25
388,Hermes--Qwen-3.6-Plus,0,22
3,OpenClaw--GLM-5.1,15,21
7,OpenClaw--GLM-5.1,8,10
13,OpenClaw--GLM-5.1,3,19
15,OpenClaw--GLM-5.1,8,16
23,OpenClaw--GLM-5.1,6,20
33,OpenClaw--GLM-5.1,7,19
35,OpenClaw--GLM-5.1,8,26
37,OpenClaw--GLM-5.1,20,20
38,OpenClaw--GLM-5.1,7,18
44,OpenClaw--GLM-5.1,10,16
45,OpenClaw--GLM-5.1,12,19
47,OpenClaw--GLM-5.1,17,20
53,OpenClaw--GLM-5.1,11,11
54,OpenClaw--GLM-5.1,16,18
55,OpenClaw--GLM-5.1,13,20
72,OpenClaw--GLM-5.1,19,20
75,OpenClaw--GLM-5.1,12,21
78,OpenClaw--GLM-5.1,4,20
79,OpenClaw--GLM-5.1,13,13
83,OpenClaw--GLM-5.1,20,23
85,OpenClaw--GLM-5.1,21,21
87,OpenClaw--GLM-5.1,21,21
91,OpenClaw--GLM-5.1,7,7
92,OpenClaw--GLM-5.1,0,6
94,OpenClaw--GLM-5.1,8,8
95,OpenClaw--GLM-5.1,0,12
100,OpenClaw--GLM-5.1,7,7
102,OpenClaw--GLM-5.1,8,8
107,OpenClaw--GLM-5.1,20,25
108,OpenClaw--GLM-5.1,18,21
115,OpenClaw--GLM-5.1,2,18
116,OpenClaw--GLM-5.1,0,21
120,OpenClaw--GLM-5.1,15,22
124,OpenClaw--GLM-5.1,16,17
127,OpenClaw--GLM-5.1,21,21
128,OpenClaw--GLM-5.1,17,17
129,OpenClaw--GLM-5.1,17,20
131,OpenClaw--GLM-5.1,15,22
137,OpenClaw--GLM-5.1,21,24
139,OpenClaw--GLM-5.1,11,25
143,OpenClaw--GLM-5.1,13,24
146,OpenClaw--GLM-5.1,23,26
152,OpenClaw--GLM-5.1,2,20
154,OpenClaw--GLM-5.1,3,24
158,OpenClaw--GLM-5.1,14,22
159,OpenClaw--GLM-5.1,24,24
160,OpenClaw--GLM-5.1,18,20
161,OpenClaw--GLM-5.1,17,24
171,OpenClaw--GLM-5.1,16,18
175,OpenClaw--GLM-5.1,9,12
178,OpenClaw--GLM-5.1,9,10
191,OpenClaw--GLM-5.1,0,23
192,OpenClaw--GLM-5.1,0,17
207,OpenClaw--GLM-5.1,0,20
224,OpenClaw--GLM-5.1,0,19
226,OpenClaw--GLM-5.1,8,22
227,OpenClaw--GLM-5.1,0,25
232,OpenClaw--GLM-5.1,2,19
242,OpenClaw--GLM-5.1,0,13
244,OpenClaw--GLM-5.1,17,20
251,OpenClaw--GLM-5.1,22,22
255,OpenClaw--GLM-5.1,8,18
258,OpenClaw--GLM-5.1,2,16
266,OpenClaw--GLM-5.1,18,20
267,OpenClaw--GLM-5.1,13,16
269,OpenClaw--GLM-5.1,17,18
274,OpenClaw--GLM-5.1,9,20
276,OpenClaw--GLM-5.1,18,20
277,OpenClaw--GLM-5.1,16,18
278,OpenClaw--GLM-5.1,17,20
281,OpenClaw--GLM-5.1,20,21
284,OpenClaw--GLM-5.1,7,17
286,OpenClaw--GLM-5.1,12,18
287,OpenClaw--GLM-5.1,3,20
288,OpenClaw--GLM-5.1,4,19
289,OpenClaw--GLM-5.1,6,15
291,OpenClaw--GLM-5.1,4,19
300,OpenClaw--GLM-5.1,12,14
306,OpenClaw--GLM-5.1,14,20
311,OpenClaw--GLM-5.1,9,21
314,OpenClaw--GLM-5.1,11,18
328,OpenClaw--GLM-5.1,11,16
329,OpenClaw--GLM-5.1,8,14
334,OpenClaw--GLM-5.1,7,18
337,OpenClaw--GLM-5.1,6,18
340,OpenClaw--GLM-5.1,0,20
346,OpenClaw--GLM-5.1,0,16
354,OpenClaw--GLM-5.1,16,19
357,OpenClaw--GLM-5.1,9,11
358,OpenClaw--GLM-5.1,9,15
359,OpenClaw--GLM-5.1,11,14
360,OpenClaw--GLM-5.1,21,21
363,OpenClaw--GLM-5.1,0,22
372,OpenClaw--GLM-5.1,18,20
373,OpenClaw--GLM-5.1,12,20
374,OpenClaw--GLM-5.1,0,15
380,OpenClaw--GLM-5.1,12,25
381,OpenClaw--GLM-5.1,9,20
386,OpenClaw--GLM-5.1,21,25
388,OpenClaw--GLM-5.1,7,22
3,OpenClaw--GPT-5.4,13,21
7,OpenClaw--GPT-5.4,1,10
13,OpenClaw--GPT-5.4,4,19
15,OpenClaw--GPT-5.4,9,16
23,OpenClaw--GPT-5.4,4,20
33,OpenClaw--GPT-5.4,8,19
35,OpenClaw--GPT-5.4,12,26
37,OpenClaw--GPT-5.4,8,20
38,OpenClaw--GPT-5.4,11,18
44,OpenClaw--GPT-5.4,10,16
45,OpenClaw--GPT-5.4,12,19
47,OpenClaw--GPT-5.4,20,20
53,OpenClaw--GPT-5.4,7,11
54,OpenClaw--GPT-5.4,9,18
55,OpenClaw--GPT-5.4,8,20
72,OpenClaw--GPT-5.4,16,20
75,OpenClaw--GPT-5.4,7,21
78,OpenClaw--GPT-5.4,4,20
79,OpenClaw--GPT-5.4,13,13
83,OpenClaw--GPT-5.4,3,23
85,OpenClaw--GPT-5.4,21,21
87,OpenClaw--GPT-5.4,13,21
91,OpenClaw--GPT-5.4,6,7
92,OpenClaw--GPT-5.4,6,6
94,OpenClaw--GPT-5.4,8,8
95,OpenClaw--GPT-5.4,0,12
100,OpenClaw--GPT-5.4,7,7
102,OpenClaw--GPT-5.4,8,8
107,OpenClaw--GPT-5.4,15,25
108,OpenClaw--GPT-5.4,17,21
115,OpenClaw--GPT-5.4,0,18
116,OpenClaw--GPT-5.4,4,21
120,OpenClaw--GPT-5.4,2,22
124,OpenClaw--GPT-5.4,2,17
127,OpenClaw--GPT-5.4,16,21
128,OpenClaw--GPT-5.4,9,17
129,OpenClaw--GPT-5.4,20,20
131,OpenClaw--GPT-5.4,8,22
137,OpenClaw--GPT-5.4,1,24
139,OpenClaw--GPT-5.4,5,25
143,OpenClaw--GPT-5.4,10,24
146,OpenClaw--GPT-5.4,2,26
152,OpenClaw--GPT-5.4,7,20
154,OpenClaw--GPT-5.4,3,24
158,OpenClaw--GPT-5.4,8,22
159,OpenClaw--GPT-5.4,19,24
160,OpenClaw--GPT-5.4,19,20
161,OpenClaw--GPT-5.4,19,24
171,OpenClaw--GPT-5.4,17,18
175,OpenClaw--GPT-5.4,10,12
178,OpenClaw--GPT-5.4,9,10
191,OpenClaw--GPT-5.4,3,23
192,OpenClaw--GPT-5.4,10,17
207,OpenClaw--GPT-5.4,4,20
224,OpenClaw--GPT-5.4,3,19
226,OpenClaw--GPT-5.4,3,22
227,OpenClaw--GPT-5.4,4,25
232,OpenClaw--GPT-5.4,4,19
242,OpenClaw--GPT-5.4,10,13
244,OpenClaw--GPT-5.4,14,20
251,OpenClaw--GPT-5.4,22,22
255,OpenClaw--GPT-5.4,7,18
258,OpenClaw--GPT-5.4,0,16
266,OpenClaw--GPT-5.4,19,20
267,OpenClaw--GPT-5.4,13,16
269,OpenClaw--GPT-5.4,13,18
274,OpenClaw--GPT-5.4,4,20
276,OpenClaw--GPT-5.4,18,20
277,OpenClaw--GPT-5.4,15,18
278,OpenClaw--GPT-5.4,8,20
281,OpenClaw--GPT-5.4,15,21
284,OpenClaw--GPT-5.4,12,17
286,OpenClaw--GPT-5.4,7,18
287,OpenClaw--GPT-5.4,0,20
288,OpenClaw--GPT-5.4,3,19
289,OpenClaw--GPT-5.4,7,15
291,OpenClaw--GPT-5.4,5,19
300,OpenClaw--GPT-5.4,12,14
306,OpenClaw--GPT-5.4,17,20
311,OpenClaw--GPT-5.4,1,21
314,OpenClaw--GPT-5.4,11,18
328,OpenClaw--GPT-5.4,10,16
329,OpenClaw--GPT-5.4,3,14
334,OpenClaw--GPT-5.4,0,18
337,OpenClaw--GPT-5.4,1,18
340,OpenClaw--GPT-5.4,3,20
346,OpenClaw--GPT-5.4,6,16
354,OpenClaw--GPT-5.4,5,19
357,OpenClaw--GPT-5.4,9,11
358,OpenClaw--GPT-5.4,7,15
359,OpenClaw--GPT-5.4,8,14
360,OpenClaw--GPT-5.4,20,21
363,OpenClaw--GPT-5.4,21,22
372,OpenClaw--GPT-5.4,6,20
373,OpenClaw--GPT-5.4,10,20
374,OpenClaw--GPT-5.4,5,15
380,OpenClaw--GPT-5.4,10,25
381,OpenClaw--GPT-5.4,3,20
386,OpenClaw--GPT-5.4,4,25
388,OpenClaw--GPT-5.4,9,22
3,OpenClaw--Gemini-3.1-Pro,14,21
7,OpenClaw--Gemini-3.1-Pro,5,10
13,OpenClaw--Gemini-3.1-Pro,1,19
15,OpenClaw--Gemini-3.1-Pro,8,16
23,OpenClaw--Gemini-3.1-Pro,2,20
33,OpenClaw--Gemini-3.1-Pro,7,19
35,OpenClaw--Gemini-3.1-Pro,4,26
37,OpenClaw--Gemini-3.1-Pro,1,20
38,OpenClaw--Gemini-3.1-Pro,0,18
44,OpenClaw--Gemini-3.1-Pro,6,16
45,OpenClaw--Gemini-3.1-Pro,6,19
47,OpenClaw--Gemini-3.1-Pro,18,20
53,OpenClaw--Gemini-3.1-Pro,5,11
54,OpenClaw--Gemini-3.1-Pro,0,18
55,OpenClaw--Gemini-3.1-Pro,0,20
72,OpenClaw--Gemini-3.1-Pro,14,20
75,OpenClaw--Gemini-3.1-Pro,0,21
78,OpenClaw--Gemini-3.1-Pro,14,20
79,OpenClaw--Gemini-3.1-Pro,11,13
83,OpenClaw--Gemini-3.1-Pro,1,23
85,OpenClaw--Gemini-3.1-Pro,1,21
87,OpenClaw--Gemini-3.1-Pro,17,21
91,OpenClaw--Gemini-3.1-Pro,6,7
92,OpenClaw--Gemini-3.1-Pro,2,6
94,OpenClaw--Gemini-3.1-Pro,8,8
95,OpenClaw--Gemini-3.1-Pro,0,12
100,OpenClaw--Gemini-3.1-Pro,7,7
102,OpenClaw--Gemini-3.1-Pro,5,8
107,OpenClaw--Gemini-3.1-Pro,9,25
108,OpenClaw--Gemini-3.1-Pro,12,21
115,OpenClaw--Gemini-3.1-Pro,0,18
116,OpenClaw--Gemini-3.1-Pro,2,21
120,OpenClaw--Gemini-3.1-Pro,8,22
124,OpenClaw--Gemini-3.1-Pro,15,17
127,OpenClaw--Gemini-3.1-Pro,21,21
128,OpenClaw--Gemini-3.1-Pro,8,17
129,OpenClaw--Gemini-3.1-Pro,20,20
131,OpenClaw--Gemini-3.1-Pro,6,22
137,OpenClaw--Gemini-3.1-Pro,2,24
139,OpenClaw--Gemini-3.1-Pro,13,25
143,OpenClaw--Gemini-3.1-Pro,0,24
146,OpenClaw--Gemini-3.1-Pro,2,26
152,OpenClaw--Gemini-3.1-Pro,1,20
154,OpenClaw--Gemini-3.1-Pro,20,24
158,OpenClaw--Gemini-3.1-Pro,5,22
159,OpenClaw--Gemini-3.1-Pro,24,24
160,OpenClaw--Gemini-3.1-Pro,18,20
161,OpenClaw--Gemini-3.1-Pro,10,24
171,OpenClaw--Gemini-3.1-Pro,18,18
175,OpenClaw--Gemini-3.1-Pro,8,12
178,OpenClaw--Gemini-3.1-Pro,1,10
191,OpenClaw--Gemini-3.1-Pro,2,23
192,OpenClaw--Gemini-3.1-Pro,3,17
207,OpenClaw--Gemini-3.1-Pro,1,20
224,OpenClaw--Gemini-3.1-Pro,4,19
226,OpenClaw--Gemini-3.1-Pro,3,22
227,OpenClaw--Gemini-3.1-Pro,3,25
232,OpenClaw--Gemini-3.1-Pro,2,19
242,OpenClaw--Gemini-3.1-Pro,8,13
244,OpenClaw--Gemini-3.1-Pro,4,20
251,OpenClaw--Gemini-3.1-Pro,22,22
255,OpenClaw--Gemini-3.1-Pro,18,18
258,OpenClaw--Gemini-3.1-Pro,3,16
266,OpenClaw--Gemini-3.1-Pro,16,20
267,OpenClaw--Gemini-3.1-Pro,12,16
269,OpenClaw--Gemini-3.1-Pro,0,18
274,OpenClaw--Gemini-3.1-Pro,3,20
276,OpenClaw--Gemini-3.1-Pro,7,20
277,OpenClaw--Gemini-3.1-Pro,3,18
278,OpenClaw--Gemini-3.1-Pro,3,20
281,OpenClaw--Gemini-3.1-Pro,3,21
284,OpenClaw--Gemini-3.1-Pro,0,17
286,OpenClaw--Gemini-3.1-Pro,3,18
287,OpenClaw--Gemini-3.1-Pro,0,20
288,OpenClaw--Gemini-3.1-Pro,0,20
289,OpenClaw--Gemini-3.1-Pro,5,15
291,OpenClaw--Gemini-3.1-Pro,0,19
300,OpenClaw--Gemini-3.1-Pro,5,14
306,OpenClaw--Gemini-3.1-Pro,0,20
311,OpenClaw--Gemini-3.1-Pro,7,21
314,OpenClaw--Gemini-3.1-Pro,9,18
328,OpenClaw--Gemini-3.1-Pro,5,16
329,OpenClaw--Gemini-3.1-Pro,0,14
334,OpenClaw--Gemini-3.1-Pro,0,18
337,OpenClaw--Gemini-3.1-Pro,0,18
340,OpenClaw--Gemini-3.1-Pro,0,20
346,OpenClaw--Gemini-3.1-Pro,0,16
354,OpenClaw--Gemini-3.1-Pro,3,19
357,OpenClaw--Gemini-3.1-Pro,0,11
358,OpenClaw--Gemini-3.1-Pro,8,15
359,OpenClaw--Gemini-3.1-Pro,0,14
360,OpenClaw--Gemini-3.1-Pro,3,21
363,OpenClaw--Gemini-3.1-Pro,1,22
372,OpenClaw--Gemini-3.1-Pro,18,20
373,OpenClaw--Gemini-3.1-Pro,11,20
374,OpenClaw--Gemini-3.1-Pro,3,15
380,OpenClaw--Gemini-3.1-Pro,0,25
381,OpenClaw--Gemini-3.1-Pro,0,20
386,OpenClaw--Gemini-3.1-Pro,0,25
388,OpenClaw--Gemini-3.1-Pro,0,22
3,OpenClaw--Grok-4.3,10,21
7,OpenClaw--Grok-4.3,1,10
13,OpenClaw--Grok-4.3,6,19
15,OpenClaw--Grok-4.3,4,16
23,OpenClaw--Grok-4.3,2,20
33,OpenClaw--Grok-4.3,7,19
35,OpenClaw--Grok-4.3,4,26
37,OpenClaw--Grok-4.3,2,20
38,OpenClaw--Grok-4.3,0,18
44,OpenClaw--Grok-4.3,6,16
45,OpenClaw--Grok-4.3,4,19
47,OpenClaw--Grok-4.3,15,20
53,OpenClaw--Grok-4.3,10,11
54,OpenClaw--Grok-4.3,3,18
55,OpenClaw--Grok-4.3,3,20
72,OpenClaw--Grok-4.3,20,20
75,OpenClaw--Grok-4.3,2,21
78,OpenClaw--Grok-4.3,7,20
79,OpenClaw--Grok-4.3,6,13
83,OpenClaw--Grok-4.3,3,23
85,OpenClaw--Grok-4.3,18,21
87,OpenClaw--Grok-4.3,21,21
91,OpenClaw--Grok-4.3,7,7
92,OpenClaw--Grok-4.3,0,6
94,OpenClaw--Grok-4.3,8,8
95,OpenClaw--Grok-4.3,12,12
100,OpenClaw--Grok-4.3,0,7
102,OpenClaw--Grok-4.3,6,8
107,OpenClaw--Grok-4.3,3,25
108,OpenClaw--Grok-4.3,19,21
115,OpenClaw--Grok-4.3,7,18
116,OpenClaw--Grok-4.3,2,21
120,OpenClaw--Grok-4.3,2,22
124,OpenClaw--Grok-4.3,1,17
127,OpenClaw--Grok-4.3,21,21
128,OpenClaw--Grok-4.3,3,17
129,OpenClaw--Grok-4.3,6,20
131,OpenClaw--Grok-4.3,8,22
137,OpenClaw--Grok-4.3,0,24
139,OpenClaw--Grok-4.3,3,25
143,OpenClaw--Grok-4.3,2,24
146,OpenClaw--Grok-4.3,23,26
152,OpenClaw--Grok-4.3,8,20
154,OpenClaw--Grok-4.3,3,24
158,OpenClaw--Grok-4.3,5,22
159,OpenClaw--Grok-4.3,24,24
160,OpenClaw--Grok-4.3,0,20
161,OpenClaw--Grok-4.3,3,24
171,OpenClaw--Grok-4.3,13,18
175,OpenClaw--Grok-4.3,5,12
178,OpenClaw--Grok-4.3,9,10
191,OpenClaw--Grok-4.3,2,23
192,OpenClaw--Grok-4.3,0,17
207,OpenClaw--Grok-4.3,3,20
224,OpenClaw--Grok-4.3,2,19
226,OpenClaw--Grok-4.3,9,22
227,OpenClaw--Grok-4.3,4,25
232,OpenClaw--Grok-4.3,1,19
242,OpenClaw--Grok-4.3,7,13
244,OpenClaw--Grok-4.3,8,20
251,OpenClaw--Grok-4.3,22,22
255,OpenClaw--Grok-4.3,11,18
258,OpenClaw--Grok-4.3,6,16
266,OpenClaw--Grok-4.3,17,20
267,OpenClaw--Grok-4.3,14,16
269,OpenClaw--Grok-4.3,0,18
274,OpenClaw--Grok-4.3,7,20
276,OpenClaw--Grok-4.3,19,20
277,OpenClaw--Grok-4.3,6,18
278,OpenClaw--Grok-4.3,7,20
281,OpenClaw--Grok-4.3,15,21
284,OpenClaw--Grok-4.3,5,17
286,OpenClaw--Grok-4.3,7,18
287,OpenClaw--Grok-4.3,2,20
288,OpenClaw--Grok-4.3,3,19
289,OpenClaw--Grok-4.3,6,15
291,OpenClaw--Grok-4.3,2,19
300,OpenClaw--Grok-4.3,7,14
306,OpenClaw--Grok-4.3,9,20
311,OpenClaw--Grok-4.3,14,21
314,OpenClaw--Grok-4.3,0,18
328,OpenClaw--Grok-4.3,9,16
329,OpenClaw--Grok-4.3,3,14
334,OpenClaw--Grok-4.3,3,18
337,OpenClaw--Grok-4.3,0,18
340,OpenClaw--Grok-4.3,10,20
346,OpenClaw--Grok-4.3,0,16
354,OpenClaw--Grok-4.3,0,19
357,OpenClaw--Grok-4.3,0,11
358,OpenClaw--Grok-4.3,0,15
359,OpenClaw--Grok-4.3,2,14
360,OpenClaw--Grok-4.3,6,21
363,OpenClaw--Grok-4.3,10,22
372,OpenClaw--Grok-4.3,2,20
373,OpenClaw--Grok-4.3,10,20
374,OpenClaw--Grok-4.3,4,15
380,OpenClaw--Grok-4.3,7,25
381,OpenClaw--Grok-4.3,0,20
386,OpenClaw--Grok-4.3,1,25
388,OpenClaw--Grok-4.3,0,22
3,OpenClaw--Kimi-2.5,13,21
7,OpenClaw--Kimi-2.5,8,10
13,OpenClaw--Kimi-2.5,8,19
15,OpenClaw--Kimi-2.5,2,16
23,OpenClaw--Kimi-2.5,10,20
33,OpenClaw--Kimi-2.5,3,19
35,OpenClaw--Kimi-2.5,4,26
37,OpenClaw--Kimi-2.5,2,20
38,OpenClaw--Kimi-2.5,5,19
44,OpenClaw--Kimi-2.5,0,16
45,OpenClaw--Kimi-2.5,8,19
47,OpenClaw--Kimi-2.5,19,20
53,OpenClaw--Kimi-2.5,0,11
54,OpenClaw--Kimi-2.5,13,18
55,OpenClaw--Kimi-2.5,13,20
72,OpenClaw--Kimi-2.5,20,20
75,OpenClaw--Kimi-2.5,3,21
78,OpenClaw--Kimi-2.5,0,20
79,OpenClaw--Kimi-2.5,13,13
83,OpenClaw--Kimi-2.5,2,23
85,OpenClaw--Kimi-2.5,20,21
87,OpenClaw--Kimi-2.5,21,21
91,OpenClaw--Kimi-2.5,7,7
92,OpenClaw--Kimi-2.5,6,6
94,OpenClaw--Kimi-2.5,8,8
95,OpenClaw--Kimi-2.5,12,12
100,OpenClaw--Kimi-2.5,7,7
102,OpenClaw--Kimi-2.5,8,8
107,OpenClaw--Kimi-2.5,15,25
108,OpenClaw--Kimi-2.5,16,21
115,OpenClaw--Kimi-2.5,6,18
116,OpenClaw--Kimi-2.5,8,21
120,OpenClaw--Kimi-2.5,2,22
124,OpenClaw--Kimi-2.5,17,17
127,OpenClaw--Kimi-2.5,17,21
128,OpenClaw--Kimi-2.5,8,17
129,OpenClaw--Kimi-2.5,20,20
131,OpenClaw--Kimi-2.5,7,22
137,OpenClaw--Kimi-2.5,15,24
139,OpenClaw--Kimi-2.5,7,25
143,OpenClaw--Kimi-2.5,4,24
146,OpenClaw--Kimi-2.5,2,26
152,OpenClaw--Kimi-2.5,2,20
154,OpenClaw--Kimi-2.5,3,24
158,OpenClaw--Kimi-2.5,7,22
159,OpenClaw--Kimi-2.5,24,24
160,OpenClaw--Kimi-2.5,0,20
161,OpenClaw--Kimi-2.5,13,24
171,OpenClaw--Kimi-2.5,17,18
175,OpenClaw--Kimi-2.5,9,12
178,OpenClaw--Kimi-2.5,9,10
191,OpenClaw--Kimi-2.5,2,23
192,OpenClaw--Kimi-2.5,1,17
207,OpenClaw--Kimi-2.5,3,20
224,OpenClaw--Kimi-2.5,1,19
226,OpenClaw--Kimi-2.5,5,22
227,OpenClaw--Kimi-2.5,3,25
232,OpenClaw--Kimi-2.5,1,19
242,OpenClaw--Kimi-2.5,5,13
244,OpenClaw--Kimi-2.5,9,20
251,OpenClaw--Kimi-2.5,22,22
255,OpenClaw--Kimi-2.5,7,18
258,OpenClaw--Kimi-2.5,3,16
266,OpenClaw--Kimi-2.5,15,20
267,OpenClaw--Kimi-2.5,13,16
269,OpenClaw--Kimi-2.5,15,18
274,OpenClaw--Kimi-2.5,0,20
276,OpenClaw--Kimi-2.5,17,20
277,OpenClaw--Kimi-2.5,13,18
278,OpenClaw--Kimi-2.5,10,20
281,OpenClaw--Kimi-2.5,15,21
284,OpenClaw--Kimi-2.5,6,17
286,OpenClaw--Kimi-2.5,2,18
287,OpenClaw--Kimi-2.5,3,20
288,OpenClaw--Kimi-2.5,6,19
289,OpenClaw--Kimi-2.5,7,15
291,OpenClaw--Kimi-2.5,5,19
300,OpenClaw--Kimi-2.5,12,14
306,OpenClaw--Kimi-2.5,11,20
311,OpenClaw--Kimi-2.5,9,21
314,OpenClaw--Kimi-2.5,12,18
328,OpenClaw--Kimi-2.5,0,16
329,OpenClaw--Kimi-2.5,5,14
334,OpenClaw--Kimi-2.5,4,18
337,OpenClaw--Kimi-2.5,0,18
340,OpenClaw--Kimi-2.5,7,20
346,OpenClaw--Kimi-2.5,6,16
354,OpenClaw--Kimi-2.5,8,19
357,OpenClaw--Kimi-2.5,9,11
358,OpenClaw--Kimi-2.5,9,15
359,OpenClaw--Kimi-2.5,10,14
360,OpenClaw--Kimi-2.5,0,21
363,OpenClaw--Kimi-2.5,21,22
372,OpenClaw--Kimi-2.5,7,20
373,OpenClaw--Kimi-2.5,9,20
374,OpenClaw--Kimi-2.5,7,15
380,OpenClaw--Kimi-2.5,10,25
381,OpenClaw--Kimi-2.5,5,20
386,OpenClaw--Kimi-2.5,0,25
388,OpenClaw--Kimi-2.5,13,22
3,OpenClaw--MiniMax-M2.7,14,21
7,OpenClaw--MiniMax-M2.7,2,10
13,OpenClaw--MiniMax-M2.7,6,19
15,OpenClaw--MiniMax-M2.7,3,16
23,OpenClaw--MiniMax-M2.7,12,20
33,OpenClaw--MiniMax-M2.7,10,19
35,OpenClaw--MiniMax-M2.7,6,26
37,OpenClaw--MiniMax-M2.7,9,20
38,OpenClaw--MiniMax-M2.7,11,18
44,OpenClaw--MiniMax-M2.7,13,16
45,OpenClaw--MiniMax-M2.7,5,19
47,OpenClaw--MiniMax-M2.7,17,20
53,OpenClaw--MiniMax-M2.7,11,11
54,OpenClaw--MiniMax-M2.7,9,18
55,OpenClaw--MiniMax-M2.7,12,20
72,OpenClaw--MiniMax-M2.7,16,20
75,OpenClaw--MiniMax-M2.7,12,21
78,OpenClaw--MiniMax-M2.7,7,20
79,OpenClaw--MiniMax-M2.7,13,13
83,OpenClaw--MiniMax-M2.7,20,23
85,OpenClaw--MiniMax-M2.7,18,21
87,OpenClaw--MiniMax-M2.7,21,21
91,OpenClaw--MiniMax-M2.7,6,7
92,OpenClaw--MiniMax-M2.7,6,6
94,OpenClaw--MiniMax-M2.7,2,8
95,OpenClaw--MiniMax-M2.7,0,12
100,OpenClaw--MiniMax-M2.7,7,7
102,OpenClaw--MiniMax-M2.7,4,8
107,OpenClaw--MiniMax-M2.7,0,25
108,OpenClaw--MiniMax-M2.7,17,21
115,OpenClaw--MiniMax-M2.7,0,18
116,OpenClaw--MiniMax-M2.7,0,21
120,OpenClaw--MiniMax-M2.7,17,22
124,OpenClaw--MiniMax-M2.7,17,17
127,OpenClaw--MiniMax-M2.7,21,21
128,OpenClaw--MiniMax-M2.7,5,17
129,OpenClaw--MiniMax-M2.7,19,20
131,OpenClaw--MiniMax-M2.7,7,22
137,OpenClaw--MiniMax-M2.7,1,24
139,OpenClaw--MiniMax-M2.7,5,25
143,OpenClaw--MiniMax-M2.7,2,24
146,OpenClaw--MiniMax-M2.7,2,26
152,OpenClaw--MiniMax-M2.7,0,20
154,OpenClaw--MiniMax-M2.7,2,24
158,OpenClaw--MiniMax-M2.7,9,22
159,OpenClaw--MiniMax-M2.7,23,24
160,OpenClaw--MiniMax-M2.7,0,20
161,OpenClaw--MiniMax-M2.7,14,24
171,OpenClaw--MiniMax-M2.7,17,18
175,OpenClaw--MiniMax-M2.7,7,12
178,OpenClaw--MiniMax-M2.7,10,10
191,OpenClaw--MiniMax-M2.7,4,23
192,OpenClaw--MiniMax-M2.7,1,17
207,OpenClaw--MiniMax-M2.7,7,20
224,OpenClaw--MiniMax-M2.7,4,19
226,OpenClaw--MiniMax-M2.7,6,22
227,OpenClaw--MiniMax-M2.7,0,25
232,OpenClaw--MiniMax-M2.7,11,19
242,OpenClaw--MiniMax-M2.7,6,13
244,OpenClaw--MiniMax-M2.7,12,20
251,OpenClaw--MiniMax-M2.7,22,22
255,OpenClaw--MiniMax-M2.7,1,18
258,OpenClaw--MiniMax-M2.7,2,16
266,OpenClaw--MiniMax-M2.7,17,20
267,OpenClaw--MiniMax-M2.7,14,16
269,OpenClaw--MiniMax-M2.7,12,18
274,OpenClaw--MiniMax-M2.7,9,20
276,OpenClaw--MiniMax-M2.7,17,20
277,OpenClaw--MiniMax-M2.7,14,18
278,OpenClaw--MiniMax-M2.7,0,20
281,OpenClaw--MiniMax-M2.7,0,21
284,OpenClaw--MiniMax-M2.7,2,17
286,OpenClaw--MiniMax-M2.7,14,18
287,OpenClaw--MiniMax-M2.7,11,20
288,OpenClaw--MiniMax-M2.7,0,19
289,OpenClaw--MiniMax-M2.7,6,15
291,OpenClaw--MiniMax-M2.7,0,19
300,OpenClaw--MiniMax-M2.7,12,14
306,OpenClaw--MiniMax-M2.7,4,20
311,OpenClaw--MiniMax-M2.7,0,21
314,OpenClaw--MiniMax-M2.7,13,18
328,OpenClaw--MiniMax-M2.7,6,16
329,OpenClaw--MiniMax-M2.7,0,14
334,OpenClaw--MiniMax-M2.7,0,18
337,OpenClaw--MiniMax-M2.7,1,18
340,OpenClaw--MiniMax-M2.7,12,20
346,OpenClaw--MiniMax-M2.7,1,16
354,OpenClaw--MiniMax-M2.7,5,19
357,OpenClaw--MiniMax-M2.7,3,11
358,OpenClaw--MiniMax-M2.7,7,15
359,OpenClaw--MiniMax-M2.7,3,14
360,OpenClaw--MiniMax-M2.7,14,21
363,OpenClaw--MiniMax-M2.7,21,22
372,OpenClaw--MiniMax-M2.7,14,20
373,OpenClaw--MiniMax-M2.7,9,20
374,OpenClaw--MiniMax-M2.7,6,15
380,OpenClaw--MiniMax-M2.7,8,25
381,OpenClaw--MiniMax-M2.7,7,20
386,OpenClaw--MiniMax-M2.7,1,25
388,OpenClaw--MiniMax-M2.7,13,22
3,OpenClaw--Qwen-3.6-Plus,15,21
7,OpenClaw--Qwen-3.6-Plus,3,10
13,OpenClaw--Qwen-3.6-Plus,8,19
15,OpenClaw--Qwen-3.6-Plus,6,16
23,OpenClaw--Qwen-3.6-Plus,6,20
33,OpenClaw--Qwen-3.6-Plus,10,19
35,OpenClaw--Qwen-3.6-Plus,0,26
37,OpenClaw--Qwen-3.6-Plus,3,20
38,OpenClaw--Qwen-3.6-Plus,0,18
44,OpenClaw--Qwen-3.6-Plus,10,16
45,OpenClaw--Qwen-3.6-Plus,8,19
47,OpenClaw--Qwen-3.6-Plus,20,20
53,OpenClaw--Qwen-3.6-Plus,11,11
54,OpenClaw--Qwen-3.6-Plus,16,18
55,OpenClaw--Qwen-3.6-Plus,13,20
72,OpenClaw--Qwen-3.6-Plus,3,20
75,OpenClaw--Qwen-3.6-Plus,9,21
78,OpenClaw--Qwen-3.6-Plus,20,20
79,OpenClaw--Qwen-3.6-Plus,13,13
83,OpenClaw--Qwen-3.6-Plus,2,23
85,OpenClaw--Qwen-3.6-Plus,14,21
87,OpenClaw--Qwen-3.6-Plus,21,21
91,OpenClaw--Qwen-3.6-Plus,7,7
92,OpenClaw--Qwen-3.6-Plus,6,6
94,OpenClaw--Qwen-3.6-Plus,4,8
95,OpenClaw--Qwen-3.6-Plus,12,12
100,OpenClaw--Qwen-3.6-Plus,7,7
102,OpenClaw--Qwen-3.6-Plus,6,8
107,OpenClaw--Qwen-3.6-Plus,22,25
108,OpenClaw--Qwen-3.6-Plus,20,21
115,OpenClaw--Qwen-3.6-Plus,5,18
116,OpenClaw--Qwen-3.6-Plus,8,21
120,OpenClaw--Qwen-3.6-Plus,18,22
124,OpenClaw--Qwen-3.6-Plus,1,17
127,OpenClaw--Qwen-3.6-Plus,21,21
128,OpenClaw--Qwen-3.6-Plus,12,17
129,OpenClaw--Qwen-3.6-Plus,20,20
131,OpenClaw--Qwen-3.6-Plus,16,22
137,OpenClaw--Qwen-3.6-Plus,18,24
139,OpenClaw--Qwen-3.6-Plus,22,25
143,OpenClaw--Qwen-3.6-Plus,0,24
146,OpenClaw--Qwen-3.6-Plus,2,26
152,OpenClaw--Qwen-3.6-Plus,2,20
154,OpenClaw--Qwen-3.6-Plus,3,24
158,OpenClaw--Qwen-3.6-Plus,3,22
159,OpenClaw--Qwen-3.6-Plus,24,24
160,OpenClaw--Qwen-3.6-Plus,0,20
161,OpenClaw--Qwen-3.6-Plus,15,24
171,OpenClaw--Qwen-3.6-Plus,17,18
175,OpenClaw--Qwen-3.6-Plus,8,12
178,OpenClaw--Qwen-3.6-Plus,9,10
191,OpenClaw--Qwen-3.6-Plus,17,23
192,OpenClaw--Qwen-3.6-Plus,8,17
207,OpenClaw--Qwen-3.6-Plus,6,20
224,OpenClaw--Qwen-3.6-Plus,5,19
226,OpenClaw--Qwen-3.6-Plus,6,22
227,OpenClaw--Qwen-3.6-Plus,14,25
232,OpenClaw--Qwen-3.6-Plus,13,19
242,OpenClaw--Qwen-3.6-Plus,7,13
244,OpenClaw--Qwen-3.6-Plus,12,20
251,OpenClaw--Qwen-3.6-Plus,22,22
255,OpenClaw--Qwen-3.6-Plus,16,18
258,OpenClaw--Qwen-3.6-Plus,3,16
266,OpenClaw--Qwen-3.6-Plus,19,20
267,OpenClaw--Qwen-3.6-Plus,14,16
269,OpenClaw--Qwen-3.6-Plus,13,18
274,OpenClaw--Qwen-3.6-Plus,11,20
276,OpenClaw--Qwen-3.6-Plus,19,20
277,OpenClaw--Qwen-3.6-Plus,14,18
278,OpenClaw--Qwen-3.6-Plus,16,20
281,OpenClaw--Qwen-3.6-Plus,15,21
284,OpenClaw--Qwen-3.6-Plus,16,17
286,OpenClaw--Qwen-3.6-Plus,10,18
287,OpenClaw--Qwen-3.6-Plus,4,20
288,OpenClaw--Qwen-3.6-Plus,4,19
289,OpenClaw--Qwen-3.6-Plus,8,15
291,OpenClaw--Qwen-3.6-Plus,0,19
300,OpenClaw--Qwen-3.6-Plus,14,14
306,OpenClaw--Qwen-3.6-Plus,4,20
311,OpenClaw--Qwen-3.6-Plus,11,21
314,OpenClaw--Qwen-3.6-Plus,9,18
328,OpenClaw--Qwen-3.6-Plus,9,16
329,OpenClaw--Qwen-3.6-Plus,9,14
334,OpenClaw--Qwen-3.6-Plus,2,18
337,OpenClaw--Qwen-3.6-Plus,3,18
340,OpenClaw--Qwen-3.6-Plus,10,20
346,OpenClaw--Qwen-3.6-Plus,3,16
354,OpenClaw--Qwen-3.6-Plus,2,19
357,OpenClaw--Qwen-3.6-Plus,9,11
358,OpenClaw--Qwen-3.6-Plus,13,15
359,OpenClaw--Qwen-3.6-Plus,13,14
360,OpenClaw--Qwen-3.6-Plus,19,21
363,OpenClaw--Qwen-3.6-Plus,0,22
372,OpenClaw--Qwen-3.6-Plus,10,20
373,OpenClaw--Qwen-3.6-Plus,10,20
374,OpenClaw--Qwen-3.6-Plus,0,15
380,OpenClaw--Qwen-3.6-Plus,25,25
381,OpenClaw--Qwen-3.6-Plus,4,20
386,OpenClaw--Qwen-3.6-Plus,7,25
388,OpenClaw--Qwen-3.6-Plus,12,22
